,Country Name,Country Code,Indicator Name,2010,2011,2012,2013,2014,2015,2016,2017,2018,2019,2020
0,Aruba,ABW,"International tourism, number of arrivals",824000.0,869000.0,904000.0,979000.0,1072000.0,1225000.0,1102000.0,1070500.0,1082000.0,,
1,Afghanistan,AFG,"International tourism, number of arrivals",,,,,,,,,,,
2,Angola,AGO,"International tourism, number of arrivals",425000.0,481000.0,528000.0,650000.0,595000.0,592000.0,397000.0,261000.0,218000.0,,
3,Albania,ALB,"International tourism, number of arrivals",2191000.0,2469000.0,3156000.0,2857000.0,3341000.0,3784000.0,4070000.0,4643000.0,5340000.0,,
4,Andorra,AND,"International tourism, number of arrivals",1808000.0,2242000.0,2238000.0,2328000.0,2363000.0,2663000.0,2819000.0,3003000.0,3042000.0,,
5,Arab World,ARB,"International tourism, number of arrivals",90023607.249532,76660005.5294921,84844588.3008134,85114141.128268,90876674.1350811,88169233.2844442,87721747.4973295,94181175.8660824,101463695.274466,,
6,United Arab Emirates,ARE,"International tourism, number of arrivals",,,,,16232000.0,17472000.0,18967000.0,20394000.0,21286000.0,,
7,Argentina,ARG,"International tourism, number of arrivals",6800000.0,6703000.0,6497000.0,6510000.0,7165000.0,6816000.0,6668000.0,6711000.0,6942000.0,,
8,Armenia,ARM,"International tourism, number of arrivals",684000.0,758000.0,963000.0,1084000.0,1204000.0,1192000.0,1260000.0,1495000.0,1652000.0,,
9,American Samoa,ASM,"International tourism, number of arrivals",23100.0,22600.0,22600.0,20800.0,21600.0,20300.0,20100.0,20000.0,20200.0,,
10,Antigua and Barbuda,ATG,"International tourism, number of arrivals",230000.0,241000.0,247000.0,243000.0,249000.0,250000.0,265000.0,247000.0,269000.0,,
11,Australia,AUS,"International tourism, number of arrivals",5790000.0,5771000.0,6032000.0,6482000.0,6922000.0,7449000.0,8269000.0,8815000.0,9246000.0,,
12,Austria,AUT,"International tourism, number of arrivals",22004000.0,23012000.0,24151000.0,24813000.0,25291000.0,26728000.0,28121000.0,29460000.0,30816000.0,,
13,Azerbaijan,AZE,"International tourism, number of arrivals",1280000.0,1562000.0,1986000.0,2130000.0,2160000.0,1922000.0,2044000.0,2454000.0,2633000.0,,
14,Burundi,BDI,"International tourism, number of arrivals",142000.0,144000.0,147000.0,234000.0,235000.0,131000.0,187000.0,299000.0,,,
15,Belgium,BEL,"International tourism, number of arrivals",7186000.0,7494000.0,7560000.0,7684000.0,7887000.0,8355000.0,7481000.0,8385000.0,9119000.0,,
16,Benin,BEN,"International tourism, number of arrivals",199000.0,209000.0,220000.0,231000.0,242000.0,255000.0,267000.0,281000.0,295000.0,,
17,Burkina Faso,BFA,"International tourism, number of arrivals",274000.0,238000.0,237000.0,218000.0,191000.0,163000.0,152000.0,143000.0,144000.0,,
18,Bangladesh,BGD,"International tourism, number of arrivals",303000.0,155000.0,125000.0,148000.0,125000.0,643000.0,830000.0,1026000.0,,,
19,Bulgaria,BGR,"International tourism, number of arrivals",6047000.0,6328000.0,6541000.0,6898000.0,7311000.0,7099000.0,8252000.0,8883000.0,9273000.0,,
20,Bahrain,BHR,"International tourism, number of arrivals",11952000.0,6732000.0,8062000.0,9163000.0,10452000.0,9670000.0,10158000.0,11374000.0,12045000.0,,
21,"Bahamas, The",BHS,"International tourism, number of arrivals",1370000.0,1346000.0,1422000.0,1366000.0,1446000.0,1502000.0,1500000.0,1442000.0,1633000.0,,
22,Bosnia and Herzegovina,BIH,"International tourism, number of arrivals",365000.0,392000.0,439000.0,529000.0,536000.0,678000.0,778000.0,923000.0,1053000.0,,
23,Belarus,BLR,"International tourism, number of arrivals",119300.0,116000.0,6129900.0,6241800.0,5374900.0,4385600.0,10935400.0,11060200.0,11501600.0,,
24,Belize,BLZ,"International tourism, number of arrivals",242000.0,250000.0,277000.0,294000.0,321000.0,341000.0,386000.0,427000.0,489000.0,,
25,Bermuda,BMU,"International tourism, number of arrivals",232000.0,236000.0,232000.0,236000.0,224000.0,220000.0,244000.0,270000.0,282000.0,,
26,Bolivia,BOL,"International tourism, number of arrivals",679000.0,711000.0,798000.0,798000.0,871000.0,882000.0,961000.0,1109000.0,1142000.0,,
27,Brazil,BRA,"International tourism, number of arrivals",5161000.0,5433000.0,5677000.0,5813000.0,6430000.0,6306000.0,6547000.0,6589000.0,6621000.0,,
28,Barbados,BRB,"International tourism, number of arrivals",532000.0,568000.0,536000.0,509000.0,521000.0,592000.0,632000.0,664000.0,680000.0,,
29,Brunei Darussalam,BRN,"International tourism, number of arrivals",214000.0,242000.0,209000.0,225000.0,201000.0,218000.0,219000.0,259000.0,278000.0,,
30,Bhutan,BTN,"International tourism, number of arrivals",41000.0,66000.0,105000.0,116000.0,133000.0,155000.0,210000.0,255000.0,274000.0,,
31,Botswana,BWA,"International tourism, number of arrivals",1973000.0,,1614000.0,1544000.0,1966000.0,1528000.0,1574000.0,1623000.0,,,
32,Central African Republic,CAF,"International tourism, number of arrivals",53800.0,65400.0,70800.0,83500.0,95700.0,120500.0,82000.0,107000.0,,,
33,Canada,CAN,"International tourism, number of arrivals",16219000.0,16014000.0,16344000.0,16059000.0,16537000.0,17971000.0,19971000.0,20883000.0,21134000.0,,
34,Central Europe and the Baltics,CEB,"International tourism, number of arrivals",59737000.0,63968000.0,67884000.0,70972000.0,74828000.0,80663000.0,86975000.0,93474000.0,100109000.0,,
35,Switzerland,CHE,"International tourism, number of arrivals",8628000.0,8534000.0,8566000.0,8967000.0,9158000.0,9305000.0,9205000.0,9889000.0,10362000.0,,
36,Channel Islands,CHI,"International tourism, number of arrivals",,,,,,,,,,,
37,Chile,CHL,"International tourism, number of arrivals",2801000.0,3137000.0,3554000.0,3576000.0,3674000.0,4478000.0,5641000.0,6450000.0,5723000.0,,
38,China,CHN,"International tourism, number of arrivals",55664000.0,57581000.0,57725000.0,55686000.0,55622000.0,56886000.0,59270000.0,60740000.0,62900000.0,,
39,Cote d'Ivoire,CIV,"International tourism, number of arrivals",252000.0,270000.0,289000.0,380000.0,471000.0,1441000.0,1583000.0,1800000.0,1965000.0,,
40,Cameroon,CMR,"International tourism, number of arrivals",573000.0,604000.0,817000.0,783000.0,822000.0,897000.0,994000.0,1081000.0,,,
41,"Congo, Dem. Rep.",COD,"International tourism, number of arrivals",81000.0,186000.0,167000.0,191000.0,334000.0,354000.0,351000.0,,,,
42,"Congo, Rep.",COG,"International tourism, number of arrivals",194000.0,218000.0,256000.0,343000.0,226000.0,220000.0,211000.0,149000.0,156000.0,,
43,Colombia,COL,"International tourism, number of arrivals",1405000.0,2042000.0,2179000.0,2288000.0,2552000.0,2980000.0,3254000.0,3631000.0,3904000.0,,
44,Comoros,COM,"International tourism, number of arrivals",15300.0,18800.0,22800.0,21900.0,22800.0,23600.0,26800.0,28000.0,35900.0,,
45,Cabo Verde,CPV,"International tourism, number of arrivals",336000.0,428000.0,482000.0,503000.0,494000.0,520000.0,598000.0,668000.0,710000.0,,
46,Costa Rica,CRI,"International tourism, number of arrivals",2100000.0,2192000.0,2343000.0,2428000.0,2527000.0,2660000.0,2925000.0,2960000.0,3017000.0,,
47,Caribbean small states,CSS,"International tourism, number of arrivals",5704000.0,5849000.0,6029000.0,6007400.0,6240500.0,6451000.0,6642000.0,6870000.0,7351483.61650485,,
48,Cuba,CUB,"International tourism, number of arrivals",2507000.0,2688000.0,2823000.0,2839000.0,2981000.0,3506000.0,3975000.0,4594000.0,4684000.0,,
49,Curacao,CUW,"International tourism, number of arrivals",342000.0,390000.0,421000.0,441000.0,452000.0,468000.0,441000.0,399000.0,432000.0,,
50,Cayman Islands,CYM,"International tourism, number of arrivals",288000.0,309000.0,322000.0,345000.0,383000.0,385000.0,385000.0,418000.0,463000.0,,
51,Cyprus,CYP,"International tourism, number of arrivals",2173000.0,2392000.0,2465000.0,2405000.0,2441000.0,2659000.0,3187000.0,3652000.0,3939000.0,,
52,Czech Republic,CZE,"International tourism, number of arrivals",6334000.0,6715000.0,7647000.0,7852000.0,8096000.0,8707000.0,9321000.0,10160000.0,10611000.0,,
53,Germany,DEU,"International tourism, number of arrivals",26875000.0,28374000.0,30411000.0,31545000.0,32999000.0,34970000.0,35555000.0,37452000.0,38881000.0,,
54,Djibouti,DJI,"International tourism, number of arrivals",51000.0,56000.0,60000.0,63000.0,,,,,,,
55,Dominica,DMA,"International tourism, number of arrivals",77000.0,76000.0,79000.0,78000.0,81500.0,75000.0,78000.0,72000.0,63000.0,,
56,Denmark,DNK,"International tourism, number of arrivals",9425000.0,8471000.0,8443000.0,8557000.0,10267000.0,10424000.0,10781000.0,12426000.0,12749000.0,,
57,Dominican Republic,DOM,"International tourism, number of arrivals",4125000.0,4306000.0,4563000.0,4690000.0,5141400.0,5600000.0,5959300.0,6188000.0,6569000.0,,
58,Algeria,DZA,"International tourism, number of arrivals",2070000.0,2395000.0,2634000.0,2733000.0,2301000.0,1710000.0,2039000.0,2451000.0,2657000.0,,
59,East Asia & Pacific (excluding high income),EAP,"International tourism, number of arrivals",119848825.689066,127991817.088534,134630642.618281,141424939.948023,144254943.572499,152892000.62772,161115801.849023,172248135.521042,183240497.168252,,
60,Early-demographic dividend,EAR,"International tourism, number of arrivals",179010297.225811,177504436.8298,190286045.83377,198410843.906234,222524716.657863,227478950.711391,221364260.639297,246442870.180975,275587369.477646,,
61,East Asia & Pacific,EAS,"International tourism, number of arrivals",195018784.765336,206832527.896768,221489481.343575,236156147.377598,249070596.175741,263417518.465131,283768499.405776,300522331.533074,320268446.7445,,
62,Europe & Central Asia (excluding high income),ECA,"International tourism, number of arrivals",95915249.7622341,106337493.124713,121920807.530771,130402939.502179,121719077.493729,122345550.582007,113649468.682369,127434727.932425,143462133.550769,,
63,Europe & Central Asia,ECS,"International tourism, number of arrivals",484938945.80246,516232620.437518,541182050.810209,569249315.673091,582994926.209797,608656396.709374,621598529.996853,675130478.961509,712592479.690818,,
64,Ecuador,ECU,"International tourism, number of arrivals",1047000.0,1141000.0,1272000.0,1364000.0,1695000.0,1676000.0,1569000.0,1806000.0,2535000.0,,
65,"Egypt, Arab Rep.",EGY,"International tourism, number of arrivals",14051000.0,9497000.0,11196000.0,9174000.0,9628300.0,9139000.0,5258000.0,8157000.0,11196000.0,,
66,Euro area,EMU,"International tourism, number of arrivals",284198000.0,301387000.0,308010000.0,322755000.0,337777000.0,353222000.0,367252000.0,397086000.0,413959200.0,,
67,Eritrea,ERI,"International tourism, number of arrivals",84000.0,107000.0,129000.0,141000.0,119000.0,114000.0,142000.0,,,,
68,Spain,ESP,"International tourism, number of arrivals",52677000.0,56177000.0,57464000.0,60675000.0,64939000.0,68175000.0,75315000.0,81869000.0,82773000.0,,
69,Estonia,EST,"International tourism, number of arrivals",2511000.0,2823000.0,2957000.0,3111000.0,3160000.0,2961000.0,3131000.0,3244000.0,3234000.0,,
70,Ethiopia,ETH,"International tourism, number of arrivals",468000.0,523000.0,597000.0,681000.0,770000.0,864000.0,871000.0,933000.0,849000.0,,
71,European Union,EUU,"International tourism, number of arrivals",349776000.0,369261000.0,379286000.0,396682000.0,417316000.0,438992000.0,459146000.0,496171000.0,519571200.0,,
72,Fragile and conflict affected situations,FCS,"International tourism, number of arrivals",33324466.9090761,27042755.336638,28928013.8530079,30066932.3050963,,,,,,,
73,Finland,FIN,"International tourism, number of arrivals",2319000.0,2623000.0,2778000.0,2797000.0,2731000.0,2622000.0,2789000.0,3180000.0,3224000.0,,
74,Fiji,FJI,"International tourism, number of arrivals",632000.0,675000.0,661000.0,659000.0,693000.0,755000.0,792000.0,843000.0,870000.0,,
75,France,FRA,"International tourism, number of arrivals",76647000.0,80499000.0,81980000.0,83634000.0,83701000.0,84452000.0,82682000.0,86758000.0,89322000.0,,
76,Faroe Islands,FRO,"International tourism, number of arrivals",,,,,,,,,,,
77,"Micronesia, Fed. Sts.",FSM,"International tourism, number of arrivals",44700.0,35400.0,38300.0,42100.0,35400.0,31200.0,29600.0,,19200.0,,
78,Gabon,GAB,"International tourism, number of arrivals",,,,,,,,,,,
79,United Kingdom,GBR,"International tourism, number of arrivals",28295000.0,29306000.0,29282000.0,31063000.0,32613000.0,34436000.0,35814000.0,37651000.0,36316000.0,,
80,Georgia,GEO,"International tourism, number of arrivals",1067000.0,1833000.0,2460000.0,2884000.0,2939000.0,3012000.0,3297000.0,4069400.0,4757000.0,,
81,Ghana,GHA,"International tourism, number of arrivals",931000.0,821000.0,903000.0,994000.0,825000.0,897000.0,,,,,
82,Gibraltar,GIB,"International tourism, number of arrivals",,,,,,,,,,,
83,Guinea,GIN,"International tourism, number of arrivals",12400.0,131000.0,96000.0,56000.0,33000.0,35000.0,63000.0,99000.0,,,
84,"Gambia, The",GMB,"International tourism, number of arrivals",91000.0,106000.0,157000.0,171000.0,156000.0,449000.0,450000.0,522000.0,552000.0,,
85,Guinea-Bissau,GNB,"International tourism, number of arrivals",22300.0,36700.0,35400.0,35500.0,36100.0,43800.0,45200.0,,,,
86,Equatorial Guinea,GNQ,"International tourism, number of arrivals",,,,,,,,,,,
87,Greece,GRC,"International tourism, number of arrivals",15007000.0,16427000.0,15518000.0,17920000.0,22033000.0,23599000.0,24799000.0,27194000.0,30123000.0,,
88,Grenada,GRD,"International tourism, number of arrivals",110000.0,118000.0,125000.0,128000.0,150000.0,155000.0,156000.0,168000.0,185000.0,,
89,Greenland,GRL,"International tourism, number of arrivals",,,,,,,,,,,
90,Guatemala,GTM,"International tourism, number of arrivals",1119000.0,1160000.0,1200000.0,1224000.0,1371000.0,1473000.0,1585000.0,1660000.0,1781000.0,,
91,Guam,GUM,"International tourism, number of arrivals",1197000.0,1160000.0,1308000.0,1334000.0,1343000.0,1409000.0,1536000.0,1545000.0,1549000.0,,
92,Guyana,GUY,"International tourism, number of arrivals",152000.0,157000.0,177000.0,200000.0,206000.0,207000.0,235000.0,247000.0,287000.0,,
93,High income,HIC,"International tourism, number of arrivals",593953091.312182,621516137.60796,647742382.742056,681599452.232603,723532949.824982,760381221.760921,798283035.566457,846587465.775058,879719450.757613,,
94,"Hong Kong SAR, China",HKG,"International tourism, number of arrivals",20085000.0,22316000.0,23770000.0,25661000.0,27770000.0,26686000.0,26553000.0,27884000.0,29263000.0,,
95,Honduras,HND,"International tourism, number of arrivals",863000.0,871000.0,895000.0,863000.0,868000.0,880000.0,838000.0,851000.0,,,
96,Heavily indebted poor countries (HIPC),HPC,"International tourism, number of arrivals",15286896.20984,16977316.6976192,18384372.0513311,19155432.9440369,19392860.9220315,21124902.9932378,22406697.9904931,24097516.6259645,,,
97,Croatia,HRV,"International tourism, number of arrivals",9111000.0,9927000.0,10369000.0,10948000.0,11623000.0,12683000.0,13809000.0,15593000.0,16645000.0,,
98,Haiti,HTI,"International tourism, number of arrivals",255000.0,349000.0,349000.0,420000.0,465200.0,516000.0,445000.0,467000.0,447000.0,,
99,Hungary,HUN,"International tourism, number of arrivals",9510000.0,10250000.0,10353000.0,10624000.0,12140000.0,14316000.0,15255000.0,15785000.0,17552000.0,,
100,IBRD only,IBD,"International tourism, number of arrivals",358927681.911667,375457971.501635,404605533.879489,421778021.931331,431189697.801743,442808945.083009,452065583.559555,492973105.994029,532429827.267528,,
101,IDA & IBRD total,IBT,"International tourism, number of arrivals",407936084.45439,422233563.322446,455500832.54013,475625042.194498,488654817.857791,505807211.899826,514813440.772745,561797590.954269,610304931.035529,,
102,IDA total,IDA,"International tourism, number of arrivals",46533635.2095571,44029659.7847913,48016377.3884029,50999487.5402998,55021291.4829265,61258551.85687,60625967.1532995,,,,
103,IDA blend,IDB,"International tourism, number of arrivals",14184000.0,13206000.0,13974000.0,13333739.8523985,13883224.8616236,15461852.8597786,15285673.8929889,,,,
104,Indonesia,IDN,"International tourism, number of arrivals",7003000.0,7650000.0,8044000.0,8802000.0,9435000.0,10407000.0,11519000.0,14040000.0,15810000.0,,
105,IDA only,IDX,"International tourism, number of arrivals",32437861.9001827,30925419.5831259,34290498.4624059,38273255.7974372,41909299.7126984,46654250.060092,,,,,
106,Isle of Man,IMN,"International tourism, number of arrivals",,,,,,,,,,,
107,India,IND,"International tourism, number of arrivals",5776000.0,6309000.0,6578000.0,6968000.0,13107000.0,13284000.0,14570000.0,15543000.0,17423000.0,,
108,Not classified,INX,"International tourism, number of arrivals",,,,,,,,,,,
109,Ireland,IRL,"International tourism, number of arrivals",7134000.0,7630000.0,7550000.0,8260000.0,8813000.0,9528000.0,10100000.0,10338000.0,10926000.0,,
110,"Iran, Islamic Rep.",IRN,"International tourism, number of arrivals",2938000.0,3354000.0,3834000.0,4769000.0,4968000.0,5237000.0,4942000.0,4867000.0,7295000.0,,
111,Iraq,IRQ,"International tourism, number of arrivals",1518000.0,1510000.0,1111000.0,892000.0,,,,,,,
112,Iceland,ISL,"International tourism, number of arrivals",489000.0,566000.0,673000.0,807300.0,997000.0,1289000.0,1792000.0,2225000.0,2343800.0,,
113,Israel,ISR,"International tourism, number of arrivals",2803000.0,2820000.0,2886000.0,2962000.0,2927000.0,2799000.0,2900000.0,3613000.0,4121000.0,,
114,Italy,ITA,"International tourism, number of arrivals",43626000.0,46119000.0,46360000.0,47704000.0,48576000.0,50732000.0,52372000.0,58253000.0,61567200.0,,
115,Jamaica,JAM,"International tourism, number of arrivals",1922000.0,1952000.0,1986000.0,2008400.0,2080000.0,2123000.0,2182000.0,2353000.0,2473000.0,,
116,Jordan,JOR,"International tourism, number of arrivals",4207000.0,3960000.0,4162000.0,3945000.0,3990000.0,3761000.0,3567000.0,3843500.0,4150000.0,,
117,Japan,JPN,"International tourism, number of arrivals",8611000.0,6219000.0,8358000.0,10364000.0,13413000.0,19737000.0,24040000.0,28691000.0,31192000.0,,
118,Kazakhstan,KAZ,"International tourism, number of arrivals",4097000.0,5685000.0,6163000.0,6841000.0,6333000.0,6430000.0,6509000.0,7701000.0,8789000.0,,
119,Kenya,KEN,"International tourism, number of arrivals",1470000.0,1750000.0,1619000.0,1434000.0,1261000.0,1114000.0,1268000.0,1364000.0,,,
120,Kyrgyz Republic,KGZ,"International tourism, number of arrivals",259000.0,337000.0,348000.0,415000.0,413000.0,402000.0,321000.0,421000.0,423000.0,,
121,Cambodia,KHM,"International tourism, number of arrivals",2508000.0,2882000.0,3584000.0,4210000.0,4503000.0,4775000.0,5012000.0,5602000.0,6201000.0,,
122,Kiribati,KIR,"International tourism, number of arrivals",4700.0,5300.0,4900.0,5900.0,5000.0,3900.0,5700.0,5800.0,7100.0,,
123,St. Kitts and Nevis,KNA,"International tourism, number of arrivals",98000.0,104000.0,104000.0,107000.0,113000.0,118000.0,116000.0,115000.0,125000.0,,
124,"Korea, Rep.",KOR,"International tourism, number of arrivals",8798000.0,9795000.0,11140000.0,12176000.0,14202000.0,13232000.0,17242000.0,13336000.0,15347000.0,,
125,Kuwait,KWT,"International tourism, number of arrivals",5208000.0,5574000.0,5729000.0,6217000.0,6528000.0,6941000.0,7055000.0,7407000.0,8508000.0,,
126,Latin America & Caribbean (excluding high income),LAC,"International tourism, number of arrivals",57888000.0,60119000.0,62112000.0,64008400.0,72308100.0,77185000.0,82116300.0,89250000.0,93083127.4089447,,
127,Lao PDR,LAO,"International tourism, number of arrivals",1670000.0,1894000.0,2291000.0,2700000.0,3164000.0,3543000.0,3315000.0,3257000.0,3770000.0,,
128,Lebanon,LBN,"International tourism, number of arrivals",2168000.0,1655000.0,1366000.0,1274000.0,1355000.0,1518000.0,1688000.0,1857000.0,1964000.0,,
129,Liberia,LBR,"International tourism, number of arrivals",,,,,,,,,,,
130,Libya,LBY,"International tourism, number of arrivals",,,,,,,,,,,
131,St. Lucia,LCA,"International tourism, number of arrivals",306000.0,312000.0,307000.0,319000.0,338000.0,345000.0,348000.0,386000.0,395000.0,,
132,Latin America & Caribbean,LCN,"International tourism, number of arrivals",73253699.4459967,76578867.3730675,79169698.2147705,81239102.7234886,90166653.581159,96998898.6220478,103358519.794566,111174514.516615,113348450.74506,,
133,Least developed countries: UN classification,LDC,"International tourism, number of arrivals",18729671.4652188,20856974.940845,23289231.9558644,26282940.6773667,29078988.8983201,31537453.0532106,30782239.0666493,33090028.6779738,37193816.8946493,,
134,Low income,LIC,"International tourism, number of arrivals",19534809.7559314,16572553.6395372,,,,,,,,,
135,Liechtenstein,LIE,"International tourism, number of arrivals",64300.0,67000.0,62400.0,59600.0,61300.0,56700.0,69100.0,79300.0,85300.0,,
136,Sri Lanka,LKA,"International tourism, number of arrivals",654000.0,856000.0,1006000.0,1275000.0,1527000.0,1798000.0,2051000.0,2116400.0,2334000.0,,
137,Lower middle income,LMC,"International tourism, number of arrivals",99299965.8213533,95306512.8183865,104682685.651043,109433660.600831,107267682.918485,109989366.278743,111214371.814553,127222013.15631,143896301.541852,,
138,Low & middle income,LMY,"International tourism, number of arrivals",374673864.240436,386145701.308167,416996924.863866,435551764.855608,447209039.563082,460570223.107567,465807399.628348,508950566.921242,555702832.338558,,
139,Lesotho,LSO,"International tourism, number of arrivals",426000.0,398000.0,423000.0,433000.0,1079000.0,1082000.0,1196000.0,1137000.0,1173000.0,,
140,Late-demographic dividend,LTE,"International tourism, number of arrivals",228353323.163951,243099328.211547,258610441.795509,271179197.29927,277645359.397536,289781779.467031,298565095.875808,316724202.664566,333351809.281881,,
141,Lithuania,LTU,"International tourism, number of arrivals",1507000.0,1775000.0,1900000.0,2012000.0,2063000.0,2071000.0,2296000.0,2523000.0,2825000.0,,
142,Luxembourg,LUX,"International tourism, number of arrivals",805000.0,874000.0,950000.0,945000.0,1038000.0,1090000.0,1054000.0,1046000.0,1018000.0,,
143,Latvia,LVA,"International tourism, number of arrivals",1373000.0,1493000.0,1435000.0,1536000.0,1843000.0,2024000.0,1793000.0,1949000.0,1946000.0,,
144,"Macao SAR, China",MAC,"International tourism, number of arrivals",11926000.0,12925000.0,13577000.0,14268000.0,14566000.0,14308000.0,15703600.0,17255000.0,18493000.0,,
145,St. Martin (French part),MAF,"International tourism, number of arrivals",,,,,,,,,,,
146,Morocco,MAR,"International tourism, number of arrivals",9288000.0,9342000.0,9375000.0,10046000.0,10283000.0,10177000.0,10332000.0,11349000.0,12289000.0,,
147,Monaco,MCO,"International tourism, number of arrivals",279000.0,295000.0,292000.0,328000.0,329000.0,331000.0,336000.0,355000.0,347000.0,,
148,Moldova,MDA,"International tourism, number of arrivals",64000.0,75000.0,89000.0,95600.0,93900.0,94400.0,121000.0,145000.0,160000.0,,
149,Madagascar,MDG,"International tourism, number of arrivals",196000.0,225000.0,256000.0,196000.0,222000.0,244000.0,293000.0,255000.0,291000.0,,
150,Maldives,MDV,"International tourism, number of arrivals",792000.0,931000.0,958000.0,1125000.0,1205000.0,1234000.0,1286000.0,1390000.0,1484000.0,,
151,Middle East & North Africa,MEA,"International tourism, number of arrivals",93031789.6914054,80718118.2434208,89091317.6525398,90609653.6605628,96281878.1326807,93830213.7630228,93328132.1595435,100457140.338422,110563609.189097,,
152,Mexico,MEX,"International tourism, number of arrivals",23290000.0,23403000.0,23403000.0,24151000.0,29346000.0,32093000.0,35079000.0,39291000.0,41313000.0,,
153,Marshall Islands,MHL,"International tourism, number of arrivals",4600.0,4600.0,4600.0,,4900.0,6300.0,5400.0,6000.0,6800.0,,
154,Middle income,MIC,"International tourism, number of arrivals",352564526.064605,366340523.671741,395677275.017167,413383862.322659,424481996.622239,437569778.243823,442401220.337936,483743641.706617,526741900.861673,,
155,North Macedonia,MKD,"International tourism, number of arrivals",262000.0,327000.0,351000.0,400000.0,425000.0,486000.0,510000.0,631000.0,707000.0,,
156,Mali,MLI,"International tourism, number of arrivals",,,32000.0,57000.0,53000.0,15000.0,41500.0,11000.0,14000.0,,
157,Malta,MLT,"International tourism, number of arrivals",1339000.0,1415000.0,1443000.0,1582000.0,1690000.0,1783000.0,1966000.0,2274000.0,2599000.0,,
158,Myanmar,MMR,"International tourism, number of arrivals",792000.0,816000.0,1059000.0,2044000.0,3081000.0,4681000.0,2907000.0,3443000.0,3551000.0,,
159,Middle East & North Africa (excluding high income),MNA,"International tourism, number of arrivals",55256542.4500061,44708140.6604555,48520543.13783,48154054.62882,48665694.4078438,44464421.800973,40435194.6037831,47735563.5382128,57712158.754666,,
160,Montenegro,MNE,"International tourism, number of arrivals",1088000.0,1201000.0,1264000.0,1324000.0,1350000.0,1560000.0,1662000.0,1877000.0,2077000.0,,
161,Mongolia,MNG,"International tourism, number of arrivals",456000.0,460000.0,476000.0,418000.0,393000.0,386000.0,404000.0,469000.0,529000.0,,
162,Northern Mariana Islands,MNP,"International tourism, number of arrivals",375000.0,336000.0,399000.0,436000.0,455000.0,475100.0,526000.0,656000.0,517000.0,,
163,Mozambique,MOZ,"International tourism, number of arrivals",1718000.0,1902000.0,2113000.0,1886000.0,1661000.0,1552000.0,1639000.0,1447000.0,2743000.0,,
164,Mauritania,MRT,"International tourism, number of arrivals",,,,,,,,,,,
165,Mauritius,MUS,"International tourism, number of arrivals",935000.0,965000.0,965000.0,993000.0,1038000.0,1151000.0,1275000.0,1342000.0,1399000.0,,
166,Malawi,MWI,"International tourism, number of arrivals",746000.0,767000.0,770000.0,795000.0,819000.0,805000.0,849000.0,837000.0,871000.0,,
167,Malaysia,MYS,"International tourism, number of arrivals",24577000.0,24714000.0,25033000.0,25715000.0,27437000.0,25721000.0,26757000.0,25948000.0,25832000.0,,
168,North America,NAC,"International tourism, number of arrivals",76461000.0,79727410.0,83542900.0,87937910.0,92140350.0,95964520.0,96622480.0,98339740.0,101161920.0,,
169,Namibia,NAM,"International tourism, number of arrivals",984000.0,1027000.0,1079000.0,1176000.0,1320000.0,1388000.0,1469000.0,1499000.0,,,
170,New Caledonia,NCL,"International tourism, number of arrivals",99000.0,112000.0,112000.0,108000.0,107000.0,114000.0,116000.0,121000.0,120000.0,,
171,Niger,NER,"International tourism, number of arrivals",74000.0,82000.0,94000.0,123000.0,135000.0,135000.0,152000.0,164000.0,157000.0,,
172,Nigeria,NGA,"International tourism, number of arrivals",6113000.0,3765000.0,4673000.0,4038000.0,4803000.0,6017000.0,5265000.0,,,,
173,Nicaragua,NIC,"International tourism, number of arrivals",1011000.0,1060000.0,1180000.0,1229000.0,1330000.0,1386000.0,1504000.0,1787000.0,1256000.0,,
174,Netherlands,NLD,"International tourism, number of arrivals",10883000.0,11300000.0,11680000.0,12783000.0,13925000.0,15007000.0,15828000.0,17924000.0,18780000.0,,
175,Norway,NOR,"International tourism, number of arrivals",4767000.0,4963000.0,4538000.0,4778000.0,4855000.0,5361000.0,5960000.0,6252000.0,5688000.0,,
176,Nepal,NPL,"International tourism, number of arrivals",603000.0,736000.0,803000.0,798000.0,790000.0,539000.0,753000.0,940000.0,1173000.0,,
177,Nauru,NRU,"International tourism, number of arrivals",,,,,,,,,,,
178,New Zealand,NZL,"International tourism, number of arrivals",2435000.0,2511000.0,2473000.0,2629000.0,2772000.0,3039000.0,3370000.0,3555000.0,3686000.0,,
179,OECD members,OED,"International tourism, number of arrivals",529313000.0,554800410.0,572623900.0,602570210.0,640967350.0,676857520.0,700942480.0,753912740.0,791284920.0,,
180,Oman,OMN,"International tourism, number of arrivals",1441000.0,1018000.0,1241000.0,1392000.0,1611000.0,1909000.0,2335000.0,2316000.0,2301000.0,,
181,Other small states,OSS,"International tourism, number of arrivals",31059170.3894602,26798179.3155564,29433781.8185794,31833474.0269266,35373965.6826834,35411017.9845171,38339572.9416197,41152644.4446069,42781520.9748068,,
182,Pakistan,PAK,"International tourism, number of arrivals",907000.0,1161000.0,966000.0,,,,,,,,
183,Panama,PAN,"International tourism, number of arrivals",1324000.0,1473000.0,1606000.0,1658000.0,1745000.0,2110000.0,1921000.0,1843000.0,1785000.0,,
184,Peru,PER,"International tourism, number of arrivals",2299000.0,2598000.0,2846000.0,3164000.0,3215000.0,3456000.0,3744000.0,4032000.0,4419000.0,,
185,Philippines,PHL,"International tourism, number of arrivals",3520000.0,3917000.0,4273000.0,4681000.0,4833000.0,5361000.0,5967000.0,6621000.0,7168000.0,,
186,Palau,PLW,"International tourism, number of arrivals",85000.0,111000.0,120000.0,108000.0,140000.0,162000.0,138000.0,123000.0,106000.0,,
187,Papua New Guinea,PNG,"International tourism, number of arrivals",140000.0,158000.0,168000.0,174000.0,182000.0,183000.0,179000.0,139000.0,140000.0,,
188,Poland,POL,"International tourism, number of arrivals",12470000.0,13350000.0,14840000.0,15800000.0,16000000.0,16728000.0,17471000.0,18258000.0,19622000.0,,
189,Pre-demographic dividend,PRE,"International tourism, number of arrivals",20494772.0078299,19607164.7927445,20901218.4093505,20312138.8675041,20916861.0619311,23560009.2130671,23851511.5576055,,,,
190,Puerto Rico,PRI,"International tourism, number of arrivals",3186000.0,3048000.0,3069000.0,3172000.0,3246000.0,3542000.0,3736000.0,3513000.0,3068000.0,,
191,"Korea, Dem. Peopleâ€™s Rep.",PRK,"International tourism, number of arrivals",,,,,,,,,,,
192,Portugal,PRT,"International tourism, number of arrivals",6756000.0,7264000.0,7503000.0,9177000.0,10497000.0,11723000.0,13359000.0,15432000.0,16186000.0,,
193,Paraguay,PRY,"International tourism, number of arrivals",465000.0,524000.0,579000.0,610000.0,649000.0,1215000.0,1308000.0,1584000.0,1181000.0,,
194,West Bank and Gaza,PSE,"International tourism, number of arrivals",522000.0,449000.0,490000.0,545000.0,556000.0,432000.0,400000.0,503000.0,606000.0,,
195,Pacific island small states,PSS,"International tourism, number of arrivals",1064312.85511557,1121471.32746675,1140557.63633622,1124520.43575455,1184836.44800509,1259767.61028143,1290302.56112863,1360729.43398705,1392601.44944122,,
196,Post-demographic dividend,PST,"International tourism, number of arrivals",524971300.0,550143410.0,575906800.0,606902710.0,627567250.0,657228120.0,696580480.0,742660940.0,773365720.0,,
197,French Polynesia,PYF,"International tourism, number of arrivals",154000.0,163000.0,169000.0,164000.0,181000.0,184000.0,192000.0,199000.0,216300.0,,
198,Qatar,QAT,"International tourism, number of arrivals",1699500.0,2056700.0,2323500.0,2611900.0,2839200.0,2941100.0,2938200.0,2256500.0,1819300.0,,
199,Romania,ROU,"International tourism, number of arrivals",7498000.0,7611000.0,7937000.0,8019000.0,8442000.0,9331000.0,10223000.0,10926000.0,11720000.0,,
200,Russian Federation,RUS,"International tourism, number of arrivals",22281000.0,24932000.0,28177000.0,30792000.0,32421000.0,33729000.0,24571000.0,24390000.0,24551000.0,,
201,Rwanda,RWA,"International tourism, number of arrivals",504000.0,688000.0,815000.0,864000.0,926000.0,987000.0,932000.0,,,,
202,South Asia,SAS,"International tourism, number of arrivals",9234490.67358027,10392363.1269225,10725073.4013012,11682769.2507124,18915333.1099502,19773338.9820543,22066208.4601184,23825232.5091422,26701056.8437404,,
203,Saudi Arabia,SAU,"International tourism, number of arrivals",10850000.0,14179000.0,16332000.0,15772000.0,18260000.0,17994000.0,18044000.0,16109000.0,15334000.0,,
204,Sudan,SDN,"International tourism, number of arrivals",495000.0,536000.0,575000.0,591000.0,684000.0,741000.0,800000.0,813000.0,836000.0,,
205,Senegal,SEN,"International tourism, number of arrivals",900000.0,968000.0,962000.0,1063000.0,963000.0,1006600.0,1210000.0,1365000.0,,,
206,Singapore,SGP,"International tourism, number of arrivals",9161000.0,10390000.0,11098000.0,11899000.0,11864000.0,12051000.0,12913000.0,13903000.0,14673000.0,,
207,Solomon Islands,SLB,"International tourism, number of arrivals",20500.0,22900.0,23900.0,24400.0,20100.0,21600.0,23200.0,25700.0,27900.0,,
208,Sierra Leone,SLE,"International tourism, number of arrivals",39000.0,52000.0,60000.0,81000.0,44000.0,24000.0,55000.0,51000.0,57000.0,,
209,El Salvador,SLV,"International tourism, number of arrivals",1150000.0,1184000.0,1255000.0,1283000.0,1345000.0,1402000.0,1434000.0,1556000.0,1677300.0,,
210,San Marino,SMR,"International tourism, number of arrivals",120000.0,156000.0,139000.0,71000.0,75000.0,54000.0,60000.0,78000.0,84000.0,,
211,Somalia,SOM,"International tourism, number of arrivals",,,,,,,,,,,
212,Serbia,SRB,"International tourism, number of arrivals",683000.0,764000.0,810000.0,922000.0,1029000.0,1132000.0,1281000.0,1497000.0,1711000.0,,
213,Sub-Saharan Africa (excluding high income),SSA,"International tourism, number of arrivals",35589151.783656,35471960.7020746,37939967.7535644,38383022.5150537,40256794.9662114,41993027.1588011,44009294.4049605,45834087.9356684,,,
214,South Sudan,SSD,"International tourism, number of arrivals",,,,,,,,,,,
215,Sub-Saharan Africa,SSF,"International tourism, number of arrivals",36755948.9094139,36693731.7211293,39172281.3948489,39668472.164302,41592505.5050053,43494338.8715107,45672649.4331208,47629536.2601109,,,
216,Small states,SST,"International tourism, number of arrivals",37551286.8660913,33680059.9038175,36441417.5567768,38741673.7296619,42510501.2696247,42854957.1111595,45949707.7042572,49014833.2703106,51165258.7141764,,
217,Sao Tome and Principe,STP,"International tourism, number of arrivals",8000.0,12200.0,,,,25600.0,28900.0,28900.0,33400.0,,
218,Suriname,SUR,"International tourism, number of arrivals",205000.0,220000.0,240000.0,249000.0,252000.0,228000.0,256000.0,278000.0,,,
219,Slovak Republic,SVK,"International tourism, number of arrivals",1327000.0,1460000.0,1528000.0,1670000.0,1475000.0,1721000.0,2027000.0,2162000.0,2256000.0,,
220,Slovenia,SVN,"International tourism, number of arrivals",2049000.0,2236000.0,2377000.0,2502000.0,2675000.0,3022000.0,3397000.0,3991000.0,4425000.0,,
221,Sweden,SWE,"International tourism, number of arrivals",5183000.0,5222000.0,5146000.0,5229000.0,5660000.0,6482000.0,6782000.0,7054000.0,7440000.0,,
222,Eswatini,SWZ,"International tourism, number of arrivals",868000.0,879000.0,888000.0,968000.0,939000.0,873000.0,947000.0,921000.0,782000.0,,
223,Sint Maarten (Dutch part),SXM,"International tourism, number of arrivals",443000.0,424000.0,457000.0,467000.0,500000.0,505000.0,528000.0,402000.0,178000.0,,
224,Seychelles,SYC,"International tourism, number of arrivals",175000.0,194000.0,208000.0,230000.0,233000.0,276000.0,303000.0,350000.0,362000.0,,
225,Syrian Arab Republic,SYR,"International tourism, number of arrivals",8546000.0,5070000.0,,,,,,,,,
226,Turks and Caicos Islands,TCA,"International tourism, number of arrivals",281000.0,354000.0,291700.0,290600.0,358000.0,386000.0,449000.0,416400.0,441000.0,,
227,Chad,TCD,"International tourism, number of arrivals",71000.0,77000.0,86000.0,97000.0,119000.0,120000.0,98000.0,87000.0,,,
228,East Asia & Pacific (IDA & IBRD countries),TEA,"International tourism, number of arrivals",118416110.613852,126484052.216273,133049086.068935,139748452.2362,142574364.510305,151127010.371186,159224453.791186,170203053.594187,181041126.519557,,
229,Europe & Central Asia (IDA & IBRD countries),TEC,"International tourism, number of arrivals",125201307.237213,137433868.114364,155270145.861862,165376682.641098,158033713.112013,161377539.089059,155508323.126797,172583144.603415,191829289.563944,,
230,Togo,TGO,"International tourism, number of arrivals",202000.0,300000.0,235000.0,327000.0,282000.0,273000.0,338000.0,514000.0,573000.0,,
231,Thailand,THA,"International tourism, number of arrivals",15936000.0,19230000.0,22354000.0,26547000.0,24810000.0,29923000.0,32530000.0,35592000.0,38178000.0,,
232,Tajikistan,TJK,"International tourism, number of arrivals",160000.0,183000.0,244000.0,208000.0,213000.0,414000.0,344000.0,431000.0,1035000.0,,
233,Turkmenistan,TKM,"International tourism, number of arrivals",,,,,,,,,,,
234,Latin America & the Caribbean (IDA & IBRD countries),TLA,"International tourism, number of arrivals",62575000.0,65674000.0,67950000.0,69870400.0,78202100.0,83848000.0,89530300.0,97380000.0,100122115.273835,,
235,Timor-Leste,TLS,"International tourism, number of arrivals",40000.0,51000.0,58000.0,79000.0,60000.0,62000.0,66000.0,74000.0,75000.0,,
236,Middle East & North Africa (IDA & IBRD countries),TMN,"International tourism, number of arrivals",54736752.1826254,44260409.000866,48031501.1197328,47600947.9026109,48100555.2003103,44037878.1657308,40038774.3546318,47230836.1623274,57104481.456606,,
237,Tonga,TON,"International tourism, number of arrivals",47100.0,46000.0,47400.0,48200.0,50400.0,53800.0,59100.0,62500.0,54000.0,,
238,South Asia (IDA & IBRD),TSA,"International tourism, number of arrivals",9234490.67358027,10392363.1269225,10725073.4013012,11682769.2507124,18915333.1099502,19773338.9820543,22066208.4601184,23825232.5091422,26701056.8437404,,
239,Sub-Saharan Africa (IDA & IBRD countries),TSS,"International tourism, number of arrivals",36755948.9094139,36693731.7211293,39172281.3948489,39668472.164302,41592505.5050053,43494338.8715107,45672649.4331208,47629536.2601109,,,
240,Trinidad and Tobago,TTO,"International tourism, number of arrivals",388000.0,431000.0,455000.0,434000.0,412000.0,440000.0,409000.0,395000.0,375000.0,,
241,Tunisia,TUN,"International tourism, number of arrivals",7828000.0,5746000.0,6999000.0,7352000.0,7163000.0,5359000.0,5724000.0,7052000.0,8299000.0,,
242,Turkey,TUR,"International tourism, number of arrivals",31364000.0,34654000.0,35698000.0,37795000.0,39811000.0,39478000.0,30289000.0,37601000.0,45768000.0,,
243,Tuvalu,TUV,"International tourism, number of arrivals",1700.0,1200.0,1100.0,1300.0,1400.0,2400.0,2500.0,2500.0,2700.0,,
244,Tanzania,TZA,"International tourism, number of arrivals",754000.0,843000.0,1043000.0,1063000.0,1113000.0,1104000.0,1233000.0,1275000.0,1378000.0,,
245,Uganda,UGA,"International tourism, number of arrivals",946000.0,1151000.0,1197000.0,1206000.0,1266000.0,1303000.0,1323000.0,1402000.0,,,
246,Ukraine,UKR,"International tourism, number of arrivals",21203000.0,21415000.0,23013000.0,24671000.0,12712000.0,12428000.0,13333000.0,14230000.0,14104000.0,,
247,Upper middle income,UMC,"International tourism, number of arrivals",253580043.878122,271458490.320457,291431875.550185,304407241.726285,317681497.833408,328061747.410066,331673587.750155,357371502.17075,384264353.654925,,
248,Uruguay,URY,"International tourism, number of arrivals",2353000.0,2857000.0,2695000.0,2683000.0,2682000.0,2773000.0,3037000.0,3674000.0,3469000.0,,
249,United States,USA,"International tourism, number of arrivals",60010000.0,63477410.0,66966900.0,71642910.0,75379350.0,77773520.0,76407480.0,77186740.0,79745920.0,,
250,Uzbekistan,UZB,"International tourism, number of arrivals",975000.0,1393000.0,1895000.0,1969000.0,1862000.0,1918000.0,2027000.0,2690000.0,5346000.0,,
251,St. Vincent and the Grenadines,VCT,"International tourism, number of arrivals",72000.0,74000.0,74000.0,72000.0,71000.0,75000.0,79000.0,76000.0,80000.0,,
252,"Venezuela, RB",VEN,"International tourism, number of arrivals",526000.0,595000.0,988000.0,986000.0,857000.0,789000.0,601000.0,427000.0,,,
253,British Virgin Islands,VGB,"International tourism, number of arrivals",330000.0,338000.0,351000.0,366000.0,386000.0,393000.0,408000.0,335000.0,192000.0,,
254,Virgin Islands (U.S.),VIR,"International tourism, number of arrivals",572000.0,567000.0,619000.0,590000.0,615000.0,642000.0,667000.0,535000.0,381000.0,,
255,Vietnam,VNM,"International tourism, number of arrivals",5050000.0,6014000.0,6848000.0,7572000.0,7874000.0,7944000.0,10013000.0,12922000.0,15498000.0,,
256,Vanuatu,VUT,"International tourism, number of arrivals",97200.0,94000.0,108200.0,110000.0,109000.0,90000.0,95100.0,109000.0,116000.0,,
257,World,WLD,"International tourism, number of arrivals",973771581.241253,1013076858.38858,1070183028.77306,1122920655.26507,1177079693.17739,1227873879.45494,1271881626.80455,1363216205.39455,1441953149.14329,,
258,Samoa,WSM,"International tourism, number of arrivals",122000.0,121000.0,126000.0,116000.0,120400.0,128000.0,134000.0,146000.0,164000.0,,
259,Kosovo,XKX,"International tourism, number of arrivals",,,,,,,,,,,
260,"Yemen, Rep.",YEM,"International tourism, number of arrivals",1025000.0,829000.0,874000.0,990000.0,1017500.0,366700.0,,,,,
261,South Africa,ZAF,"International tourism, number of arrivals",8074000.0,8339000.0,9188000.0,9537000.0,9549000.0,8904000.0,10044000.0,10285000.0,10472000.0,,
262,Zambia,ZMB,"International tourism, number of arrivals",815000.0,920000.0,859000.0,915000.0,947000.0,932000.0,956000.0,1083000.0,1072000.0,,
263,Zimbabwe,ZWE,"International tourism, number of arrivals",2239000.0,2423000.0,1794000.0,1833000.0,1880000.0,2057000.0,2168000.0,2423000.0,2580000.0,,
