,Code,Country,Landarea_x,EPI_2010,HLT_2010,ECO_2010,BDH_2010,CCH_2010,landarea,EPI_2006,HLT_2006,ECO_2006,BDH_2006,CCH_2006,EPI_2008,HLT_2008,BDH_2008,air,energy,GDP_pc_ppp,Landarea_y,EPI_2012,HLT_2012,ECO_2012,BDH_2012,CCH_2012,EPI_2014,HLT_2014,ECO_2014,BDH_2014,CCH_2014,EPI_2016,HLT_2016,ECO_2016,BDH_2016,CCH_2016,EPI_2018,HLT_2018,ECO_2018,BDH_2018,CCE_2018,EPI_current,HLT_current,ECO_current,BDH_current,CCE_2020,2022,Arrivals
0,ISL,Iceland,91116.36,93.5,95.09,91.87,68.86,90.31,91116.36,87.6,99.3,75.8,62.3,82.3,82.1,98.8,63.7,61.5,68.9,"$31,900",102298.0,66.28,100.00,51.83,70.58,64.98,76.5,98.77,61.65,81.9,71.31,90.51,98.67,82.35,66.04,96.4,78.57,98.41,65.34,75.77,61.96,72.3,98.1,55.0,63.2,60.8,1.107,2343800.0
1,CHE,Switzerland,38975.12,89.1,92.29,85.9,100.0,73.83,38975.12,95.5,98.9,92.1,82.7,94.6,81.4,98.3,28.6,59.6,84.7,"$33,800",41271.84,76.69,93.22,69.61,98.06,58.21,87.67,92.19,84.67,100.0,78.14,86.93,83.78,90.09,90.43,82.53,87.42,93.57,83.32,84.2,90.55,81.5,95.0,72.5,63.0,81.6,1.357,10362000.0
2,CRI,Costa Rica,51014.99,86.4,82.18,90.61,73.4,78.55,51014.99,90.5,93.2,87.7,48.0,98.3,81.6,81.1,80.3,60.6,86.0,"$9,600",51452.02,69.03,76.19,65.96,72.88,79.02,58.53,82.62,42.47,89.55,38.46,80.03,91.15,68.91,90.52,81.52,67.85,76.44,62.13,87.71,59.29,52.5,60.5,47.2,70.1,54.8,1.732,3017000.0
3,SWE,Sweden,431704.25,86.0,92.77,79.32,61.04,70.11,431704.25,93.1,99.4,86.9,58.0,91.6,87.8,99.4,55.6,66.4,78.9,"$28,400",443016.37,68.82,100.00,55.45,52.14,57.85,78.09,99.04,64.12,62.38,77.34,90.43,97.29,83.57,88.76,92.73,80.51,94.41,71.24,81.0,86.8,78.7,98.4,65.6,72.5,77.2,1.564,7440000.0
4,NOR,Norway,318523.72,81.1,90.75,71.52,46.63,65.68,318523.72,93.1,99.3,86.9,61.2,92.7,80.2,98.8,35.9,62.8,76.5,"$40,000",325602.24,69.92,100.00,57.03,63.74,56.30,78.04,99.44,63.77,71.68,75.65,86.9,97.82,75.98,82.2,57.12,77.49,97.86,63.91,88.96,63.58,77.7,98.5,63.8,71.5,78.9,1.465,5688000.0
5,MUS,Mauritius,1993.16,80.6,83.66,77.51,44.96,72.92,1993.16,78.1,97.7,58.5,21.9,53.5,,,,,,,,1993,,,,,58.09,86.55,39.11,43.7,29.91,70.85,94.56,47.13,55.45,,56.63,77.45,42.75,38.28,48.06,45.1,60.0,35.3,19.3,51.0,1.57,1399000.0
6,FRA,France,547106.71,78.2,90.75,65.69,67.43,56.36,547106.71,87.8,99.4,76.2,27.4,85.7,82.5,99.2,50.9,61.5,78.9,"$28,700",549096.13,69.00,98.88,56.20,80.75,44.60,71.05,96.48,54.09,54.45,49.83,88.2,89.97,86.44,99.52,80.12,83.95,95.71,76.11,96.25,70.46,80.0,91.5,72.3,88.3,81.9,1.895,89322000.0
7,AUT,Austria,83160.64,78.1,89.47,66.8,100.0,50.07,83160.64,89.4,98.1,80.7,71.6,79.9,85.2,97.7,28.8,57.2,82.2,"$31,300",83879.59,68.92,98.99,56.03,58.00,46.58,78.32,92.15,69.11,86.59,62.09,86.64,86.41,86.87,93.33,78.76,78.97,86.38,74.03,91.69,62.79,79.6,88.0,74.0,85.5,71.3,1.3,30816000.0
8,CUB,Cuba,111198.91,78.1,84.35,71.91,49.63,66.6,111198.91,80.7,96.4,65.1,28.0,64.5,75.3,85.1,66.0,50.2,55.2,"$3,000",111269.62,56.48,74.37,48.82,57.80,47.20,55.07,80.64,38.02,56.06,16.93,79.04,91.09,66.98,78.51,,63.42,75.76,55.2,74.37,49.15,48.4,50.5,47.0,51.1,64.2,2.083,4684000.0
9,COL,Colombia,1141177.03,76.8,74.6,78.94,82.66,71.32,1141177.03,88.3,91.4,85.2,75.0,87.1,80.4,82.4,60.3,69.4,82.4,"$6,600",1144394.81,62.33,55.55,65.23,84.43,72.75,50.77,66.01,40.62,80.4,43.49,75.93,82.2,69.66,87.99,72.63,65.22,71.05,61.33,81.37,50.1,52.9,55.0,51.6,76.8,55.4,2.729,3904000.0
10,FIN,Finland,317001.35,74.7,90.75,58.74,68.64,46.3,317001.35,91.4,99.3,83.6,78.3,76.8,87.0,98.8,54.3,65.3,75.7,"$29,000",337320.78,64.44,100.00,49.20,52.34,31.55,75.72,99.44,59.9,61.86,62.24,90.68,97.23,84.13,96.93,90.2,78.64,99.35,64.83,89.25,62.33,78.9,99.3,65.3,75.5,77.0,1.439,3224000.0
11,SVK,Slovakia,48874.99,74.5,84.5,64.41,100.0,45.2,48874.99,86.0,99.1,72.9,53.5,71.2,79.1,96.4,45.8,57.4,56.0,"$14,500",48985.49,66.62,94.39,54.72,84.47,36.18,74.45,87.89,65.48,84.33,72.48,85.42,83.77,87.07,100.0,90.78,70.6,63.87,75.08,94.31,74.21,68.3,64.3,70.9,85.0,71.9,1.499,
12,GBR,United Kingdom,247168.89,74.2,89.82,58.66,70.48,51.82,247168.89,86.3,99.4,73.2,47.2,74.6,85.6,98.9,58.8,61.6,77.8,"$29,600",244840.71,68.82,98.07,56.29,100.00,33.46,77.35,98.61,63.18,70.11,54.24,87.38,93.85,80.92,98.98,84.53,79.89,96.03,69.13,96.69,63.06,81.3,91.7,74.3,88.0,90.0,1.667,36316000.0
13,NZL,New Zealand,265334.38,73.4,90.75,55.97,65.73,38.71,265334.38,88.9,99.0,78.8,61.9,71.1,88.0,97.9,73.5,83.7,73.4,"$23,200",269798.3,66.05,95.03,53.62,74.43,44.57,76.41,87.92,68.74,76.05,62.94,88.0,97.81,78.19,92.75,83.69,75.96,95.96,62.63,91.84,55.78,71.3,88.0,60.2,84.0,61.5,1.269,3686000.0
14,CHL,Chile,721229.34,73.3,81.28,65.4,40.94,60.74,721229.34,83.4,93.3,73.6,42.7,78.4,78.9,87.2,68.4,63.7,74.6,"$10,700",757751.37,55.34,84.84,42.70,57.05,46.30,69.93,89.42,56.94,60.16,35.92,77.67,93.23,62.11,75.15,40.29,57.49,73.73,46.66,69.79,37.37,55.3,63.4,49.8,65.3,54.3,1.84,5723000.0
15,DEU,Germany,356026.24,73.2,90.75,55.7,100.0,49.62,356026.24,86.3,99.4,73.3,48.2,76.2,79.4,98.7,21.2,61.3,78.3,"$28,700",357053.7,66.91,98.99,53.16,100.00,30.05,80.47,92.83,72.23,100.0,62.77,84.26,84.66,83.87,100.0,78.19,78.37,88.68,71.5,96.92,55.47,77.2,89.6,68.9,88.8,71.5,1.462,38881000.0
16,ITA,Italy,299286.24,73.1,90.87,55.24,72.37,47.97,299286.24,84.2,98.6,69.8,16.5,74.5,79.8,95.3,48.7,55.2,80.3,"$27,700",300906.2,68.90,100.00,55.57,94.79,38.36,74.36,81.46,69.63,79.77,63.41,84.48,82.83,86.14,98.96,79.35,76.96,85.88,71.02,94.1,65.14,71.0,85.5,61.3,75.6,68.1,1.643,61567200.0
17,PRT,Portugal,91426.39,73.0,87.57,58.4,57.97,49.85,91426.39,85.8,98.4,73.1,33.7,72.9,82.9,97.4,54.6,50.1,79.1,"$17,900",92013.56,57.64,93.05,42.46,66.16,43.23,75.8,98.24,60.84,64.36,80.68,88.63,96.55,80.7,95.78,90.82,71.91,90.47,59.53,91.41,56.89,67.0,83.4,56.1,73.0,63.3,1.301,16186000.0
18,JPN,Japan,371705.29,72.5,90.18,54.9,63.16,48.28,371705.29,84.5,98.3,70.8,37.3,70.5,81.9,97.6,70.4,52.6,79.7,"$29,400",373154.11,63.36,98.07,48.48,67.12,30.55,72.35,94.66,57.48,73.53,43.54,80.59,86.59,74.58,93.25,59.22,74.69,92.99,62.48,90.34,45.08,75.1,90.3,65.1,76.6,69.5,1.336,31192000.0
19,LVA,Latvia,64195.65,72.5,75.05,69.98,76.29,55.55,64195.65,88.8,95.2,82.4,42.4,86.9,,,,,,,64385.35,70.37,73.81,68.90,96.97,56.32,64.05,80.52,53.07,95.17,53.27,85.71,91.0,80.42,97.81,83.19,66.12,72.8,61.66,92.05,42.89,61.6,58.0,64.0,86.7,67.7,1.673,1946000.0
20,CZE,Czech Republic,78600.63,71.6,86.87,56.37,100.0,41.91,,,,,,,,,,,,,78778.88,64.79,96.02,51.41,84.12,21.72,81.47,90.63,75.35,98.35,65.82,84.67,80.81,88.53,100.0,91.23,67.68,68.69,67.01,94.96,54.65,71.0,68.3,72.9,85.7,76.3,1.318,10611000.0
21,ALB,Albania,28346.12,71.4,69.93,72.92,77.02,68.97,28346.12,84.0,89.3,78.6,4.0,93.4,68.9,77.7,22.2,14.4,75.6,"$4,900",29000.15,65.85,82.19,58.85,61.72,85.85,54.73,72.63,42.8,63.19,85.74,74.38,84.74,64.03,54.12,91.01,65.46,65.67,65.32,75.37,68.36,49.0,44.5,52.0,68.2,56.8,1.761,5340000.0
22,PAN,Panama,74515.22,71.4,71.75,70.99,71.28,58.68,74515.22,83.1,86.4,79.8,64.2,78.0,76.5,75.6,83.2,58.6,69.5,"$6,900",75796.79,57.94,57.09,58.31,84.81,58.62,56.84,68.6,48.99,86.96,52.82,78.0,86.15,69.85,87.93,72.34,62.71,66.96,59.87,86.0,54.32,47.3,50.4,45.2,60.4,50.3,1.876,1785000.0
23,ESP,Spain,505283.96,70.6,88.71,52.52,57.22,46.11,505283.96,83.1,98.2,68.1,28.7,73.7,79.2,97.0,62.1,49.2,78.0,"$23,300",506659.44,60.31,98.99,43.73,74.19,39.52,79.79,97.63,67.89,56.56,81.84,88.91,94.57,83.24,96.73,81.83,78.39,94.21,67.85,95.66,67.77,74.3,86.8,66.0,87.6,71.2,1.603,82773000.0
24,SGP,Singapore,592.54,69.6,89.18,50.09,44.24,48.57,,,,,,,,,,,,,671.15,56.36,100.00,37.65,34.06,28.26,81.78,99.44,70.01,46.33,86.85,87.04,89.35,84.74,72.26,95.44,64.23,72.14,58.96,21.46,67.64,58.1,85.0,40.2,20.9,40.2,1.326,14673000.0
25,ECU,Ecuador,256270.64,69.3,75.77,62.92,82.92,55.43,256270.64,84.4,91.7,77.0,79.6,80.1,75.5,78.2,64.6,78.3,66.4,"$3,700",258165.72,60.55,72.14,55.59,93.91,52.65,58.54,73.44,48.62,88.09,54.66,66.58,85.61,47.55,88.91,44.23,57.42,72.58,47.31,84.08,46.8,51.0,50.2,51.5,77.3,60.2,1.988,2535000.0
26,PER,Peru,1288259.27,69.3,61.34,77.21,52.81,70.2,1288259.27,78.1,78.3,77.9,58.1,87.1,65.4,64.8,57.4,57.8,83.5,"$5,600",1293936.3,50.29,45.70,52.25,74.04,67.30,45.05,55.85,37.84,70.36,16.71,72.95,78.39,67.51,84.59,33.92,61.92,56.49,65.53,83.52,58.04,44.0,45.1,43.2,59.5,41.3,2.091,4419000.0
27,DNK,Denmark,42484.49,69.2,89.82,48.49,52.71,46.15,42484.49,84.0,99.3,68.7,13.9,81.8,84.2,98.5,41.0,61.9,81.5,"$32,200",43010.15,63.61,98.99,48.44,61.32,34.91,76.92,97.61,63.12,67.74,67.22,89.21,94.29,84.12,97.6,88.67,81.6,98.2,70.53,94.48,67.56,82.5,91.7,76.4,81.7,95.0,1.296,12749000.0
28,HUN,Hungary,92046.39,69.1,82.66,55.57,49.97,51.34,92046.39,84.2,98.4,70.1,10.5,79.4,77.1,94.2,47.7,55.6,69.2,"$14,900",92967.37,57.12,93.79,41.40,30.12,37.87,70.28,88.98,57.81,29.57,66.87,84.6,81.89,87.3,100.0,91.08,65.01,57.67,69.9,91.7,61.68,63.7,54.1,70.0,82.0,71.3,1.411,17552000.0
29,SLV,El Salvador,20278.94,69.1,68.89,69.26,18.01,75.73,20278.94,77.2,81.8,72.6,4.3,88.5,63.0,64.1,18.9,42.5,82.5,"$4,900",20463.38,52.08,59.43,48.94,39.13,67.44,43.79,65.62,29.23,24.53,58.24,68.07,77.25,58.88,76.43,78.71,53.91,63.99,47.19,69.06,63.47,43.1,42.5,43.5,35.8,62.8,2.231,1677300.0
30,HRV,Croatia,56405.68,68.7,82.47,54.83,67.65,39.88,56405.68,84.6,96.6,72.7,14.1,76.9,,,,,,,61690.87,64.16,83.86,55.71,74.49,46.26,62.23,83.39,48.13,70.87,63.26,86.98,86.37,87.59,98.96,85.23,65.45,67.04,64.39,95.25,54.41,63.1,61.2,64.3,82.6,70.0,1.44,16645000.0
31,DOM,Dominican Republic,48092.01,68.4,72.51,64.38,86.06,56.58,,,,,,,,,,,,,48392.54,52.44,58.47,49.86,52.00,56.07,53.24,69.12,42.65,92.94,44.06,75.32,78.91,71.73,93.54,,64.71,64.86,64.61,87.06,61.27,46.3,36.1,53.2,81.6,56.1,1.99,6569000.0
32,LTU,Lithuania,64995.07,68.3,74.34,62.32,46.53,59.65,64995.07,86.2,95.1,77.4,11.0,88.7,,,,,,,64747.57,65.50,83.28,57.88,86.06,44.67,61.26,73.87,52.86,91.83,51.02,85.49,89.13,81.86,98.55,85.72,69.33,72.57,67.18,93.83,62.46,62.9,63.2,62.7,87.5,65.9,1.724,2825000.0
33,NPL,Nepal,139103.09,68.2,41.38,95.09,79.58,96.36,139103.09,72.1,60.2,84.0,45.0,98.1,60.2,44.1,60.5,35.9,86.4,"$1,500",147607.73,57.97,37.93,66.56,62.18,88.65,37.0,31.67,40.55,61.79,,50.21,46.16,54.26,76.59,,31.44,10.54,45.38,68.52,35.11,32.7,21.0,40.5,62.6,23.7,1.947,1173000.0
34,BTN,Bhutan,38028.67,68.0,56.88,79.16,100.0,71.68,,,,,,,,,,,,,,38028,,,,,46.86,42.07,50.06,94.92,,64.99,69.14,60.84,96.34,,47.22,35.27,55.18,96.3,43.76,39.3,29.8,45.7,87.2,24.7,1.481,274000.0
35,DZA,Algeria,2302498.08,67.4,67.58,67.25,51.89,66.18,2302498.08,77.0,82.2,71.8,73.9,74.6,66.2,85.1,37.8,39.3,60.1,"$6,600",2324668.37,48.56,66.64,40.81,37.71,40.71,50.08,70.51,36.45,34.86,37.53,70.28,76.07,64.5,61.62,43.6,57.18,80.95,41.34,49.33,26.94,44.8,50.4,41.0,39.0,52.5,2.146,2657000.0
36,MEX,Mexico,1943058.29,67.3,76.63,58.06,51.1,56.42,1943058.29,79.8,91.3,68.3,41.8,71.5,64.8,80.6,48.6,34.6,67.6,"$9,600",1959126.88,49.11,64.07,42.69,63.47,40.50,55.03,69.98,45.06,62.32,51.35,73.59,77.58,69.61,78.66,54.9,59.69,66.04,55.46,74.68,46.84,52.6,47.5,55.9,72.9,65.2,2.612,41313000.0
37,IRL,Ireland,69473.98,67.1,91.73,42.48,7.03,40.36,69473.98,82.7,99.4,66.1,8.8,69.7,83.3,98.6,26.2,60.3,81.2,"$31,900",70100.1,58.69,98.12,41.79,34.17,31.85,74.67,96.27,60.27,18.74,75.01,86.6,95.6,77.61,90.51,91.19,78.77,95.92,67.34,88.63,54.16,72.8,94.2,58.6,65.8,66.6,1.288,10926000.0
38,ROU,Romania,237056.1,67.0,72.67,61.34,63.55,50.8,237056.1,71.9,77.8,66.1,30.1,70.4,56.9,61.2,36.9,42.5,47.3,"$7,700",237127.99,48.34,60.67,43.05,45.33,41.82,50.52,61.85,42.96,63.51,62.82,83.24,81.19,85.28,95.77,96.18,64.78,58.67,68.85,90.8,68.53,64.7,50.0,74.4,85.0,84.6,1.64,11720000.0
39,CAN,Canada,9458906.77,66.4,92.77,40.1,61.91,37.34,9458906.77,86.6,98.9,74.4,67.6,69.3,84.0,98.6,55.2,56.2,62.8,"$31,500",9753742.04,58.41,100.00,40.59,53.59,27.81,73.14,97.92,56.61,58.4,59.85,85.06,95.15,74.96,74.5,74.59,72.18,97.51,55.29,83.2,39.88,71.0,91.7,57.3,60.5,65.7,1.389,21134000.0
40,NLD,Netherlands,35043.85,66.4,89.33,43.38,80.05,39.19,35043.85,78.7,98.1,59.4,9.1,66.1,78.7,97.1,26.1,55.9,75.3,"$29,500",34887.79,65.65,97.23,52.12,84.67,27.58,77.75,91.86,68.35,94.69,53.32,82.03,82.85,81.21,90.38,75.43,75.46,92.26,64.25,80.13,52.55,75.3,91.0,64.8,83.7,65.8,1.522,18780000.0
41,PHL,Philippines,295386.88,65.7,65.88,65.49,64.16,64.45,295386.88,77.9,82.5,73.4,44.5,82.0,69.4,63.6,69.0,61.4,78.9,"$5,000",297386.59,57.40,52.56,59.48,66.04,64.66,44.02,60.61,32.95,64.67,35.73,73.7,75.14,72.27,86.16,80.98,57.65,55.64,58.99,78.08,54.54,38.4,34.1,41.4,56.6,42.8,2.339,7168000.0
42,AUS,Australia,7634643.84,65.7,91.73,39.58,77.86,27.64,7634643.84,79.8,99.3,60.4,78.1,42.5,80.1,99.0,49.6,47.0,68.4,"$30,700",7716284.08,56.61,98.99,38.45,85.43,13.38,82.4,99.44,71.03,83.08,47.67,87.22,98.71,75.73,87.18,62.81,74.12,97.95,58.23,84.64,48.18,74.9,91.6,63.8,83.7,70.4,1.565,9246000.0
43,MAR,Morocco,403759.34,65.6,73.38,57.84,25.46,56.64,403759.34,72.1,85.2,59.0,15.4,66.5,64.1,75.7,54.7,54.4,75.1,"$4,200",406797.78,45.76,60.29,39.53,22.34,57.05,51.89,63.35,44.25,31.2,49.4,74.18,74.28,74.09,91.1,59.61,63.47,67.43,60.82,88.43,49.66,42.3,33.3,48.3,67.4,48.7,1.969,12289000.0
44,BLR,Belarus,207012.55,65.4,74.73,56.01,70.13,51.57,207012.55,80.5,95.4,65.6,23.3,68.3,,,,,,,207643.23,53.88,84.65,40.70,42.47,26.46,67.69,81.0,58.82,41.25,43.15,82.3,87.37,77.24,73.06,94.87,64.98,69.55,61.94,65.61,64.73,53.0,55.9,51.1,61.2,53.1,2.259,11501600.0
45,MYS,Malaysia,330798.79,65.0,81.31,48.67,74.07,42.33,330798.79,84.0,96.7,71.2,68.3,61.9,83.3,88.8,71.5,79.8,60.8,"$9,700",331235.22,62.51,85.28,52.75,90.10,27.99,59.31,87.71,40.37,93.37,40.24,74.23,84.21,64.25,90.85,58.95,59.22,66.63,54.28,76.68,47.68,47.9,55.4,42.9,55.1,52.8,1.471,25832000.0
46,SVN,Slovenia,20223.97,65.0,84.98,44.93,51.14,41.37,20223.97,86.3,97.8,74.8,36.5,77.2,77.5,97.3,23.5,56.1,72.6,"$19,600",20265.26,62.25,88.05,51.20,76.88,35.20,76.43,91.37,66.47,100.0,54.59,88.98,88.32,89.65,100.0,82.2,67.57,72.34,64.4,95.78,51.16,72.0,68.9,74.1,86.4,75.2,1.316,4425000.0
47,EST,Estonia,43178.85,63.8,76.85,50.76,88.53,36.0,43178.85,85.2,97.7,72.7,72.4,61.8,,,,,,,45257.38,56.09,70.48,49.92,100.00,16.45,74.66,89.12,65.02,100.0,56.71,88.59,95.26,81.91,100.0,76.58,64.31,73.24,58.35,92.39,33.62,65.3,73.0,60.1,87.0,59.0,1.662,3234000.0
48,LKA,Sri Lanka,65830.04,63.7,45.84,81.59,73.99,79.71,65830.04,79.5,78.8,80.3,62.6,85.6,64.6,61.3,56.6,52.7,82.6,"$4,000",66264.46,55.72,66.54,51.08,49.72,67.80,53.88,67.49,44.8,67.7,54.62,65.55,71.07,60.02,81.98,91.12,60.61,64.7,57.88,80.38,70.88,39.0,42.1,36.9,61.1,31.0,2.02,2334000.0
49,GEO,Georgia,69236.14,63.6,72.14,55.15,26.85,54.38,69236.14,82.2,88.4,75.9,18.6,92.7,61.4,61.8,31.8,33.2,58.2,"$3,100",69889.8,56.84,75.44,48.88,28.36,66.79,47.23,73.12,29.97,29.59,45.43,64.96,78.12,51.81,70.31,51.28,55.69,57.1,54.75,62.33,48.41,41.3,38.7,43.1,46.2,50.1,2.065,4757000.0
50,PRY,Paraguay,395907.51,63.5,58.07,68.96,53.04,72.48,395907.51,77.7,73.3,82.1,58.5,94.2,66.4,63.7,43.8,53.9,69.9,"$4,800",401294.15,52.40,52.18,52.50,21.29,89.49,39.25,59.03,26.07,31.2,44.09,70.36,81.14,59.58,78.94,68.1,53.93,58.1,51.15,64.02,54.05,46.4,46.8,46.2,62.8,40.9,1.976,1181000.0
51,USA,United States of America,9210753.38,63.5,88.3,38.65,65.92,29.37,,,,,,,,,,,,,9325028.98,56.59,94.47,40.36,71.76,17.73,67.52,92.74,50.71,63.35,56.45,84.72,94.41,75.03,79.35,80.88,71.19,93.91,56.04,70.93,45.81,69.3,82.8,60.3,67.5,71.4,2.44,
52,BRA,Brazil,8511043.6,63.4,71.63,55.19,61.31,46.44,8511043.6,82.7,86.9,78.4,53.9,83.3,77.0,79.3,50.5,64.0,80.6,"$8,100",8536317.62,60.90,62.07,60.40,76.76,71.64,52.97,72.22,40.13,66.74,53.82,78.9,87.14,70.67,92.62,56.41,60.7,67.44,56.21,88.17,33.24,51.2,49.7,52.2,78.1,51.7,2.465,6621000.0
53,POL,Poland,311195.23,63.1,75.19,51.03,80.44,45.93,311195.23,80.5,93.6,67.4,48.4,62.7,76.2,95.0,29.2,54.0,54.7,"$12,000",311370.35,63.47,89.22,52.43,98.81,25.91,69.53,76.25,65.05,91.76,60.53,81.26,80.54,81.98,99.76,88.91,64.11,58.71,67.72,96.37,64.33,60.9,58.9,62.3,89.0,65.4,1.552,19622000.0
54,VEN,Venezuela,911835.87,62.9,79.13,46.67,78.19,47.24,911835.87,80.0,88.5,71.6,74.9,68.4,74.1,81.8,88.0,76.9,32.1,"$5,800",917025.5,55.62,71.03,49.02,88.14,37.33,57.8,72.83,47.79,92.92,43.59,76.23,81.21,71.24,95.73,70.24,63.89,75.74,55.99,96.21,37.8,50.3,46.5,52.9,75.1,63.3,2.798,
55,BGR,Bulgaria,111307.14,62.5,73.21,51.85,66.94,39.92,111307.14,78.5,94.7,62.2,21.3,63.3,72.0,93.7,30.9,48.8,28.1,"$8,200",111464.48,56.28,92.16,40.90,57.25,29.55,64.01,86.57,48.97,68.85,48.18,83.4,85.18,81.62,88.98,77.03,67.85,69.6,66.68,93.39,56.04,57.0,50.3,61.5,77.7,69.5,1.541,9273000.0
56,ISR,Israel,21878.11,62.4,92.11,32.75,72.76,32.37,21878.11,79.6,97.9,61.3,62.7,60.5,73.7,95.9,47.3,49.6,76.0,"$20,800",22468.13,54.64,97.59,36.23,60.89,27.21,65.78,92.57,47.93,39.34,41.86,78.14,79.43,76.85,71.29,82.23,75.01,94.14,62.25,59.33,57.09,65.8,83.6,54.0,47.6,56.9,2.576,4121000.0
57,THA,Thailand,513634.82,62.2,65.58,58.73,79.77,52.97,513634.82,79.2,85.5,72.8,55.7,71.1,66.8,71.0,60.2,47.5,68.1,"$8,100",516845.15,59.98,71.37,55.09,78.91,39.19,52.83,71.17,40.61,70.19,46.05,69.54,71.61,67.46,86.08,55.92,49.88,46.21,52.33,74.91,45.75,45.4,48.4,43.5,53.0,52.5,2.098,38178000.0
58,EGY,Egypt,968071.46,62.0,63.04,60.97,59.17,62.12,968071.46,76.3,79.6,73.0,77.2,68.9,57.9,74.6,23.9,14.8,57.2,"$4,200",987472.45,55.18,74.81,46.77,42.99,43.59,61.11,69.47,55.54,65.26,61.05,66.45,69.97,62.93,72.75,50.86,61.21,68.61,56.28,62.39,55.68,43.3,33.8,49.7,50.6,55.0,2.342,
59,RUS,Russia,16679992.73,61.2,68.59,53.83,80.26,45.28,16679992.73,83.9,96.3,71.4,79.2,62.9,77.5,92.3,61.0,55.6,15.5,"$9,800",16826303.43,45.43,60.93,38.79,62.75,17.92,53.45,74.22,39.6,53.39,61.02,83.52,87.06,79.98,73.7,84.42,63.79,75.48,55.99,65.64,49.88,50.5,53.0,48.8,54.1,59.9,3.275,
60,ARG,Argentina,2736296.0,61.0,74.49,47.6,31.25,49.58,2736296.0,81.8,91.1,72.5,33.6,82.3,77.7,86.7,49.8,63.1,77.8,"$12,400",2786353.16,56.48,80.75,46.09,43.05,44.99,49.55,86.8,24.72,44.88,16.79,79.84,94.5,65.18,69.72,75.94,59.3,79.88,45.58,55.64,46.65,52.2,60.2,46.8,49.1,60.2,1.911,6942000.0
61,GRC,Greece,131890.98,60.9,86.6,35.13,35.67,32.34,131890.98,80.2,97.2,63.1,9.6,62.5,80.2,96.3,27.4,50.9,74.8,"$21,300",132661.51,60.04,96.02,44.63,79.65,30.07,73.28,91.21,61.32,66.49,59.79,85.81,89.09,82.54,94.82,69.64,73.6,91.03,61.98,90.89,42.17,69.1,80.6,61.4,72.6,66.5,1.838,30123000.0
62,TUN,Tunisia,147881.49,60.6,77.16,44.0,9.99,58.83,147881.49,78.1,92.9,63.3,22.4,77.1,60.0,77.2,5.1,49.1,75.3,"$7,100",155220.7,46.66,70.14,36.60,25.66,50.41,58.99,81.19,44.19,31.08,54.38,77.28,81.1,73.46,61.04,73.94,62.35,81.12,49.83,47.41,51.3,46.7,49.2,45.0,37.1,60.2,1.996,8299000.0
63,DJI,Djibouti,20903.5,60.5,51.45,69.64,1.73,75.44,20903.5,50.5,57.2,43.9,0.2,42.3,,,,,,,,20903,,,,,28.52,52.69,12.4,15.45,,45.29,67.56,23.02,39.2,,40.04,52.89,31.47,28.88,46.4,28.1,20.1,33.4,23.0,40.1,2.213,
64,ARM,Armenia,28272.73,60.4,71.63,49.26,55.34,49.85,28272.73,77.8,88.0,67.5,16.0,87.2,63.8,70.2,55.0,37.8,45.2,"$4,600",29635.92,47.48,63.81,40.48,32.54,61.56,61.67,74.61,53.05,80.16,39.91,81.6,81.76,81.44,87.43,72.77,62.07,56.85,65.56,79.57,49.82,52.3,43.5,58.1,79.2,46.7,1.992,1652000.0
65,TUR,Turkey,768693.62,60.4,74.45,46.34,17.14,53.62,768693.62,75.9,91.2,60.6,5.2,66.5,72.8,84.6,31.8,49.1,69.7,"$7,400",781946.7,44.80,69.80,34.08,20.19,42.71,54.91,73.85,42.28,32.62,46.52,67.68,79.6,55.76,22.53,47.77,52.96,71.56,40.57,25.16,39.99,42.6,51.3,36.9,15.1,49.3,2.785,45768000.0
66,IRN,Iran,1590351.27,60.0,70.21,49.72,42.32,52.56,1590351.27,76.9,88.9,64.8,44.3,63.4,70.0,85.7,48.0,31.1,36.6,"$7,700",1622438.3,42.73,58.21,36.09,42.19,19.42,51.08,76.12,34.39,37.06,36.73,66.32,72.26,60.38,64.16,53.88,58.16,74.01,47.59,51.89,35.93,48.0,48.3,47.8,38.4,55.0,2.687,
67,LAO,Laos,230230.75,59.6,32.63,86.57,100.0,68.77,230230.75,66.3,39.8,92.8,97.1,92.4,52.9,21.4,76.1,56.0,89.8,"$1,900",,230230,,,,,40.37,34.49,44.29,93.85,,50.29,51.18,49.39,90.23,,42.94,25.15,54.8,76.77,77.39,34.8,27.2,39.9,69.7,30.7,1.809,
68,NAM,Namibia,819961.13,59.3,52.02,66.53,73.57,71.45,819961.13,70.6,60.9,80.4,73.4,96.5,56.5,43.9,68.0,69.2,83.4,"$7,300",828456.38,50.68,43.87,53.60,80.83,67.49,43.71,55.53,35.82,94.39,0.54,70.84,69.72,71.96,95.74,61.18,58.46,46.34,66.54,95.75,59.78,40.2,22.5,52.0,76.6,55.4,1.908,
69,GUY,Guyana,210632.19,59.2,66.4,52.09,23.16,59.46,210632.19,64.8,75.3,54.4,55.5,36.5,,,,,,,,210632,,,,,38.07,69.19,17.32,18.66,0.64,71.14,83.53,58.76,51.31,,47.93,61.55,38.86,54.32,34.82,35.9,33.5,37.5,51.0,38.2,2.14,287000.0
70,URY,Uruguay,174047.96,59.1,72.0,46.21,1.85,49.28,174047.96,82.3,88.9,75.6,0.4,88.5,,,,,,,176850.8,57.06,80.34,47.07,20.26,62.10,53.61,89.97,29.37,24.62,24.51,73.98,95.48,52.48,54.32,59.81,64.65,84.72,51.27,49.7,79.01,49.1,67.7,36.7,25.0,55.5,1.795,3469000.0
71,AZE,Azerbaijan,85359.86,59.1,62.72,55.43,67.57,58.09,85359.86,72.2,76.4,67.9,29.0,77.1,55.7,59.2,50.1,32.7,8.0,"$3,800",85712.58,43.11,51.43,39.55,40.18,44.33,55.47,59.37,52.87,58.66,80.88,83.78,82.96,84.6,75.83,97.94,62.33,48.55,71.52,63.15,73.44,46.5,32.7,55.7,56.9,48.6,2.437,2633000.0
72,MDA,Moldova,34013.1,58.8,68.77,48.88,12.76,49.34,34013.1,70.7,85.0,56.4,2.4,67.8,62.9,81.7,16.9,56.9,0.2,"$1,900",34089.71,45.21,60.32,38.74,8.18,42.94,53.36,66.88,44.34,7.51,63.16,76.69,75.3,78.08,53.23,94.82,51.97,60.29,46.42,31.05,47.9,44.4,45.6,43.6,27.9,52.2,1.882,160000.0
73,UKR,Ukraine,588417.29,58.2,73.85,42.58,35.72,42.27,588417.29,74.1,97.0,51.2,8.5,51.1,71.2,93.8,40.1,56.6,3.7,"$6,300",597329.12,46.31,72.01,35.30,46.42,25.14,49.01,77.71,29.87,41.46,27.78,79.69,85.74,73.63,65.58,87.45,52.87,64.44,45.16,49.1,37.59,49.5,49.0,49.9,37.7,69.2,2.971,14104000.0
74,BEL,Belgium,30553.27,58.1,89.05,27.09,20.2,36.65,30553.27,78.4,98.8,58.0,10.0,69.5,75.9,96.6,16.7,59.0,73.2,"$30,600",30577.47,63.02,97.23,48.36,78.49,30.16,66.61,89.82,51.14,57.56,64.47,80.15,79.1,81.21,100.0,80.59,77.38,89.37,69.39,95.7,63.81,73.3,86.0,64.8,87.4,70.2,1.526,9119000.0
75,JAM,Jamaica,11060.19,58.0,70.25,45.83,64.27,37.84,11060.19,79.1,87.2,71.0,35.0,70.0,74.7,76.4,86.1,47.7,42.7,"$4,100",11059.52,54.36,61.53,51.29,73.32,34.53,58.26,70.03,50.41,88.04,76.98,77.02,86.96,67.09,90.47,,58.58,68.48,51.98,83.12,52.26,48.2,45.5,50.0,58.2,65.7,1.99,2473000.0
76,LBN,Lebanon,10327.78,57.9,77.33,38.5,3.49,37.98,10327.78,70.3,95.5,45.0,1.0,40.7,76.7,93.4,20.2,52.1,61.2,"$5,000",10442.47,47.35,81.85,32.57,26.12,27.97,50.15,85.94,26.29,1.71,40.43,69.14,71.69,66.6,43.86,74.74,61.08,83.25,46.3,30.11,43.86,45.4,53.1,40.3,21.8,56.8,2.615,1964000.0
77,KAZ,Kazakhstan,2619353.45,57.3,69.32,45.28,22.7,46.53,2619353.45,65.0,91.5,38.4,22.9,16.1,63.6,70.8,38.4,60.1,8.5,"$7,800",2675245.71,32.94,63.69,19.76,14.18,9.63,51.07,75.4,34.85,14.11,43.49,73.29,88.42,58.15,53.45,60.32,54.56,66.7,46.46,30.73,47.82,44.7,40.8,47.3,41.6,44.6,2.071,8789000.0
78,NIC,Nicaragua,118789.48,57.1,58.73,55.38,59.89,51.13,118789.48,73.4,72.9,74.0,44.8,75.9,69.2,62.5,69.4,50.5,71.3,"$2,300",120835.96,59.23,54.93,61.07,95.27,61.44,50.32,59.9,43.93,91.67,46.82,64.19,72.37,56.02,93.72,90.16,55.04,62.2,50.27,85.68,58.63,39.2,40.2,38.6,59.6,38.0,2.334,1256000.0
79,KOR,South Korea,98977.42,57.0,80.15,33.94,34.19,36.69,98977.42,79.4,95.6,63.1,11.9,71.5,75.2,93.5,39.4,47.1,68.1,"$19,200",100152.25,57.20,91.35,42.57,64.79,22.73,63.79,81.7,51.86,50.4,41.55,70.61,68.85,72.37,69.34,62.39,62.3,73.3,54.96,46.66,46.75,66.5,81.4,56.6,62.6,62.6,1.779,
80,GAB,Gabon,265145.62,56.4,54.03,58.86,77.02,52.86,265145.62,77.3,75.4,79.1,73.0,81.4,73.3,61.0,62.5,96.1,79.8,"$5,900",266364.32,57.91,37.27,66.76,62.87,67.32,46.6,50.09,44.28,82.94,56.67,67.37,75.06,59.68,89.37,70.53,45.05,43.04,46.39,86.17,30.71,45.8,27.9,57.8,86.0,63.8,1.973,
81,CYP,Cyprus,9273.16,56.3,87.64,24.89,75.18,9.26,9273.16,79.2,96.8,61.6,29.3,56.0,78.4,90.4,62.0,48.6,73.9,"$7,135",9289.1,57.15,100.00,38.79,61.00,23.83,66.23,95.23,46.9,77.03,61.92,80.24,88.59,71.9,78.23,89.01,72.6,87.96,62.37,81.66,66.26,64.8,81.5,53.7,56.5,63.1,1.903,3939000.0
82,JOR,Jordan,88361.82,56.1,76.67,35.56,91.35,32.87,88361.82,76.5,91.7,61.4,88.7,61.4,66.0,85.5,56.0,40.6,51.7,"$4,500",90359.45,42.16,76.42,27.47,9.21,35.21,55.78,76.96,41.66,8.52,65.68,72.24,76.67,67.81,42.94,85.38,62.2,86.69,45.87,23.85,46.84,53.4,58.6,49.9,32.2,58.4,1.849,4150000.0
83,BIH,Bosnia and Herzegovina,51295.18,55.9,77.13,34.61,2.83,42.65,,,,,,,,,,,,,46410.16,36.76,69.66,22.67,2.88,34.24,45.79,77.57,24.61,2.5,31.71,63.28,87.09,39.48,36.62,36.87,41.84,63.87,27.15,26.93,26.8,45.4,43.9,46.4,32.9,57.5,1.85,1053000.0
84,SAU,Saudi Arabia,1942660.31,55.3,66.68,43.96,86.35,40.22,1942660.31,72.8,85.5,60.2,95.5,50.5,68.3,83.7,60.2,30.2,33.1,"$12,000",1960597.02,49.97,71.29,40.84,98.95,6.68,66.66,87.54,52.73,93.7,46.63,68.63,72.03,65.22,81.69,48.3,57.47,72.81,47.25,48.33,40.47,44.0,47.2,41.8,38.8,37.5,2.288,15334000.0
85,ERI,Eritrea,121862.9,54.6,30.54,78.72,36.06,76.82,121862.9,59.4,47.2,71.7,42.4,75.0,,,,,,,123059.77,38.39,33.61,40.44,22.24,74.07,25.76,43.44,13.98,17.94,,36.73,47.98,25.47,41.11,,39.34,46.12,34.81,27.52,29.57,30.4,15.5,40.4,33.7,43.4,2.494,
86,TTO,Trinidad and Tobago,5202.12,54.2,70.17,38.33,61.56,26.24,,,,,,,,,,,,,5188.19,47.04,67.63,38.22,69.76,0.38,52.28,71.66,39.36,83.48,32.54,74.34,92.2,56.47,88.51,,67.36,81.44,57.96,88.93,50.02,47.5,54.6,42.9,67.8,42.1,2.005,375000.0
87,GTM,Guatemala,108523.47,54.0,56.38,51.56,48.35,54.99,108523.47,76.7,78.2,75.1,36.4,80.2,68.9,64.4,69.1,32.6,82.1,"$4,200",109666.23,51.88,51.24,52.15,59.76,65.28,48.06,60.55,39.74,57.55,64.18,69.64,71.78,67.49,78.02,89.59,52.33,54.97,50.57,65.13,57.46,31.8,30.8,32.5,41.3,36.7,2.139,1781000.0
88,MWI,Malawi,94968.41,51.4,27.98,74.91,97.95,76.77,94968.41,59.9,34.0,85.8,90.1,94.5,56.5,29.6,64.6,79.2,86.6,$600,,94968,,,,,40.06,39.34,40.54,87.81,,49.69,47.53,51.86,93.35,,49.21,39.93,55.39,91.89,64.88,38.3,26.5,46.2,84.2,34.2,1.895,871000.0
89,KEN,Kenya,579617.08,51.4,32.15,70.62,76.36,66.86,579617.08,69.0,54.5,83.5,89.0,84.1,56.4,38.0,54.1,87.0,76.5,"$1,100",582801.69,49.28,27.91,58.44,72.55,65.32,36.99,38.37,36.07,67.96,,62.49,58.6,66.39,84.09,67.06,47.25,42.96,50.12,79.01,51.37,34.7,25.7,40.6,53.5,49.0,2.303,
90,GHA,Ghana,231729.96,51.3,32.89,69.78,74.7,64.34,231729.96,70.8,59.0,82.6,63.8,92.6,63.1,48.8,50.1,87.3,83.3,"$2,300",239888.71,47.50,31.62,54.30,45.13,73.94,32.07,40.31,26.58,34.26,27.3,58.89,54.47,63.31,80.79,68.6,49.66,44.42,53.15,77.96,57.59,27.6,20.1,32.6,58.9,29.6,1.759,
91,MMR,Myanmar,669707.48,51.3,42.63,59.97,33.75,64.94,669707.48,65.1,63.9,66.3,24.5,73.8,57.0,47.3,42.7,27.4,88.3,"$1,700",673036.29,52.72,36.01,59.88,53.57,77.27,27.44,41.39,18.14,28.62,,48.98,51.82,46.14,57.74,,45.32,35.6,51.8,42.74,76.26,25.1,24.6,25.4,31.0,22.2,2.631,3551000.0
92,TJK,Tajikistan,130110.95,51.3,52.04,50.53,38.06,59.18,130110.95,72.3,62.2,82.5,43.8,98.2,48.2,38.0,48.7,40.7,16.9,"$1,100",142132.02,38.78,40.74,37.94,24.35,73.55,31.34,49.89,18.97,24.28,,73.05,71.41,74.7,74.2,99.24,47.85,26.26,62.24,67.01,60.73,38.2,20.7,49.9,65.8,36.9,2.031,1035000.0
93,MOZ,Mozambique,777123.23,51.2,23.12,79.33,60.11,89.85,777123.23,53.9,25.5,82.4,55.4,99.8,45.7,16.7,39.7,74.6,84.0,"$1,200",784037.78,47.82,22.05,58.86,62.03,93.35,29.97,31.49,28.96,63.17,,41.82,31.24,52.4,88.43,,46.37,46.36,46.37,90.47,23.49,33.9,28.1,37.8,67.4,31.1,2.316,2743000.0
94,KWT,Kuwait,17259.47,51.1,83.47,18.78,17.09,35.05,17259.47,64.5,92.0,37.1,27.6,38.6,,,,,,,17431.77,35.54,83.84,14.84,13.15,3.57,63.94,77.98,54.59,92.88,42.23,64.41,65.06,63.76,87.12,33.57,62.28,70.55,56.77,86.33,31.78,53.6,57.3,51.2,66.0,49.7,1.739,8508000.0
95,ZAF,South Africa,1217643.11,50.8,59.0,42.57,62.39,39.48,1217643.11,69.0,81.8,56.2,44.8,51.4,62.0,71.8,47.2,78.6,53.3,"$11,100",1224041.62,34.55,42.52,31.13,50.24,21.03,53.51,59.33,49.64,63.96,49.87,70.52,76.66,64.38,75.06,54.26,44.73,36.81,50.01,64.24,44.63,43.1,31.1,51.0,63.2,62.8,2.283,10472000.0
96,HND,Honduras,112078.1,49.9,58.04,41.7,62.25,47.56,112078.1,75.4,77.2,73.6,47.1,76.9,70.8,66.1,78.2,39.5,73.2,"$2,800",113036.06,52.54,46.14,55.29,65.06,63.95,48.87,57.52,43.11,76.81,48.29,69.64,74.19,65.09,86.89,80.14,51.51,55.95,48.54,84.11,46.02,37.8,33.4,40.7,59.9,43.1,2.269,
97,UGA,Uganda,207069.18,49.8,27.94,71.6,87.5,78.62,207069.18,61.6,41.6,81.6,78.9,94.5,60.8,31.7,73.6,98.0,92.4,"$1,500",,,,,,,39.18,37.26,40.46,91.31,,57.56,51.71,63.4,93.61,,44.28,33.64,51.38,89.54,38.87,35.6,25.7,42.2,81.4,27.4,2.309,
98,MDG,Madagascar,592965.42,49.2,21.57,76.77,31.58,74.65,592965.42,54.6,37.6,71.6,35.2,79.8,48.6,23.3,39.5,74.7,82.7,$800,,,,,,,26.7,37.2,19.71,37.08,,37.1,32.69,41.51,64.68,,33.73,42.39,27.96,43.17,16.23,26.5,22.1,29.4,25.0,39.9,1.995,291000.0
99,CHN,China,9198093.51,49.0,58.68,39.33,57.22,40.18,9198093.51,65.1,71.4,58.8,56.7,52.7,56.2,61.0,68.2,22.3,50.8,"$5,600",9365944.83,42.24,46.33,40.49,65.65,31.03,43.0,42.73,43.19,66.63,65.16,65.1,59.41,70.79,77.45,74.78,50.74,31.72,63.42,72.57,68.62,37.3,41.8,34.4,19.0,46.3,2.01,62900000.0
100,QAT,Qatar,10973.25,48.9,87.69,10.08,6.17,27.18,,,,,,,,,,,,,11314.8,46.59,89.90,28.03,40.19,3.66,63.03,89.11,45.64,8.47,70.93,69.94,66.79,73.1,58.37,89.35,67.8,74.18,63.54,43.71,68.68,37.1,56.9,23.9,41.3,12.1,1.533,1819300.0
101,IND,India,3208099.12,48.3,41.59,55.1,38.65,60.25,3208099.12,60.3,62.6,58.0,21.2,57.9,47.7,43.8,39.8,28.4,59.7,"$3,100",3279681.99,36.23,25.66,40.76,41.83,51.91,31.23,33.19,29.92,39.18,35.24,53.58,47.99,59.17,63.42,67.19,30.57,9.32,44.74,49.13,44.77,27.6,16.3,35.2,33.7,45.0,2.578,17423000.0
102,PAK,Pakistan,785319.81,48.0,42.82,53.11,52.85,67.14,785319.81,58.7,54.6,62.7,44.0,67.4,41.1,46.1,23.0,8.2,66.7,"$2,200",797494.67,39.56,28.62,44.25,60.05,56.73,34.58,38.78,31.79,41.43,44.33,51.42,52.73,50.11,70.04,70.35,37.5,16.8,51.3,60.14,50.79,33.1,14.6,45.3,46.1,50.6,2.789,
103,TZA,Tanzania,891021.57,47.9,25.91,69.89,80.59,66.83,891021.57,63.9,52.2,75.6,87.2,72.8,59.0,37.3,74.1,86.2,82.9,$700,897949.26,54.26,27.47,65.74,92.08,69.35,36.19,35.89,36.39,79.12,,58.34,47.25,69.43,94.34,,50.83,45.0,54.71,95.03,43.1,31.1,27.4,33.5,70.7,18.7,2.001,1378000.0
104,ZWE,Zimbabwe,389053.02,47.8,38.04,57.6,93.75,61.25,389053.02,69.3,67.8,70.8,91.1,68.1,63.0,49.9,67.6,70.0,63.1,"$1,900",392742.92,52.76,32.33,61.52,99.46,57.31,49.54,46.42,51.62,99.52,,59.25,64.28,54.22,94.31,70.99,43.41,40.58,45.3,94.53,24.89,37.0,22.5,46.7,87.0,37.0,2.35,2580000.0
105,BFA,Burkina Faso,275747.61,47.3,12.24,82.33,100.0,76.31,275747.61,44.3,16.2,72.5,64.7,77.6,43.2,9.9,80.0,52.4,86.5,"$1,200",,,,,,,40.52,32.17,46.08,83.75,,43.71,37.65,49.77,88.05,,42.83,44.22,41.91,85.54,26.24,38.3,19.6,50.9,77.8,31.9,2.786,144000.0
106,SDN,Sudan,2492385.4,47.1,23.61,70.58,29.07,72.94,2492385.4,55.5,47.0,64.1,30.1,67.9,44.0,24.5,41.3,24.9,83.8,"$1,900",2510435.52,46.00,25.02,54.99,29.05,68.17,24.64,36.33,16.84,16.29,,42.25,49.63,34.87,42.8,,51.49,50.09,52.43,40.13,72.11,34.8,20.8,44.1,46.6,52.8,3.007,836000.0
107,ZMB,Zambia,745317.51,47.0,24.21,69.8,100.0,66.56,745317.51,55.1,30.8,79.4,99.9,81.0,54.4,24.0,81.6,69.1,74.2,$900,753777.74,55.56,23.06,69.48,100.00,86.59,41.72,36.18,45.41,100.0,,66.06,59.53,72.59,97.06,,50.97,31.57,63.91,98.75,51.67,34.7,21.0,43.9,90.4,26.5,1.841,1072000.0
108,OMN,Oman,304189.58,45.9,71.28,20.47,47.09,28.03,304189.58,70.3,84.6,55.9,46.1,53.6,67.9,79.5,41.1,28.1,57.6,"$13,100",314382.71,44.00,73.85,31.21,59.69,11.87,47.75,81.08,25.52,42.28,21.64,60.13,75.45,44.81,48.68,23.83,51.32,75.98,34.88,34.81,32.71,38.5,43.4,35.2,28.2,32.0,1.889,2301000.0
109,GNB,Guinea-Bissau,34105.82,44.7,12.62,76.72,75.02,75.4,34105.82,49.7,36.7,62.8,46.5,58.7,46.1,17.1,47.3,61.6,72.1,$700,,,,,,,35.98,30.68,39.52,89.87,,48.2,42.67,53.72,87.3,,44.67,43.6,45.38,85.77,53.23,29.1,15.1,38.4,72.2,33.6,2.156,
110,CMR,Cameroon,465765.23,44.6,27.43,61.82,70.01,66.13,465765.23,63.8,47.7,79.9,53.4,97.0,54.1,31.5,54.0,67.5,85.3,"$1,900",465122.8,42.97,19.85,52.87,43.12,75.51,36.68,37.63,36.06,45.67,62.13,57.13,54.47,59.78,77.33,79.43,40.81,39.18,41.9,49.56,58.53,33.6,13.6,46.9,48.6,66.4,2.709,
111,IDN,Indonesia,1897811.61,44.6,44.59,44.64,63.19,49.24,1897811.61,66.2,69.5,62.9,50.3,59.8,60.7,53.9,66.0,25.1,67.1,"$3,500",1900662.92,52.29,48.20,54.04,75.29,48.91,44.36,55.72,36.78,78.08,45.25,65.85,76.82,54.88,81.62,81.59,46.92,45.44,47.9,70.4,53.43,37.8,29.0,43.7,56.3,54.4,1.8,15810000.0
112,RWA,Rwanda,24348.89,44.6,20.33,68.89,85.03,64.45,24348.89,54.9,32.2,77.5,72.2,78.0,57.0,31.1,63.2,91.1,87.4,"$1,300",,,,,,,35.41,38.7,33.21,56.32,,50.34,51.88,48.79,71.26,,43.68,31.03,52.12,63.24,69.91,33.8,24.4,40.0,57.4,35.9,1.945,
113,GIN,Guinea,245860.06,44.4,19.59,69.15,46.31,69.73,245860.06,51.3,31.3,71.4,32.4,81.8,49.2,17.2,64.3,69.6,88.6,"$2,100",,,,,,,28.03,32.2,25.25,41.0,,55.4,46.26,64.54,86.95,,46.62,45.02,47.69,83.29,37.24,26.4,18.6,31.5,59.9,26.8,2.332,
114,BOL,Bolivia,1069133.7,44.3,45.4,43.27,85.71,31.36,1069133.7,64.7,61.2,68.2,78.4,61.3,63.4,53.6,66.6,39.0,63.7,"$2,600",1087070.75,54.57,41.51,60.17,88.41,54.70,50.48,53.95,48.17,81.04,63.57,71.09,78.91,63.26,90.06,37.25,55.98,61.64,52.21,88.58,33.49,44.3,35.9,49.8,83.6,40.0,1.989,1142000.0
115,PNG,Papua New Guinea,465004.05,44.3,35.1,53.49,15.63,55.88,465004.05,64.8,58.2,71.4,47.1,75.9,55.5,34.2,34.3,73.7,83.3,"$2,200",,,,,,,41.09,40.97,41.17,25.68,89.98,48.02,50.29,45.75,46.46,,39.35,47.26,34.09,34.04,55.36,32.4,28.4,35.1,27.3,47.6,2.046,140000.0
116,BGD,Bangladesh,136248.11,44.0,32.33,55.57,14.92,70.72,136248.11,58.0,53.6,62.4,5.5,77.1,43.5,38.2,25.3,6.9,81.7,"$2,000",138968.65,42.55,33.90,46.26,23.57,60.82,25.61,30.42,22.4,39.68,,41.77,40.36,43.18,63.77,,29.56,11.96,41.29,53.58,46.95,29.0,22.4,33.5,46.8,35.6,2.067,
117,BDI,Burundi,25226.95,43.9,22.56,65.25,51.5,78.02,25226.95,54.7,37.6,71.7,62.5,81.5,51.6,30.6,37.2,90.9,88.8,$600,,,,,,,25.78,31.56,21.93,30.29,,43.37,38.94,47.81,64.71,,27.43,25.69,28.59,53.67,16.18,27.0,21.9,30.5,52.3,16.8,2.47,
118,ETH,Ethiopia,1123716.57,43.1,11.04,75.24,93.7,77.59,1123716.57,58.8,35.0,82.7,71.2,97.2,36.7,10.4,43.5,57.1,84.1,$800,1134616.89,52.71,22.68,65.57,67.56,81.30,39.43,35.21,42.24,83.78,,45.83,36.96,54.69,83.52,,44.78,32.8,52.77,78.99,64.18,34.4,25.2,40.6,72.2,26.1,2.806,849000.0
119,MNG,Mongolia,1546296.94,42.8,42.73,42.86,80.73,36.94,1546296.94,68.1,66.6,69.6,88.0,57.5,48.8,47.8,71.7,28.5,8.7,"$1,900",1565594.38,45.37,46.57,44.85,69.47,19.66,44.67,55.12,37.7,73.25,25.06,64.39,67.86,60.92,83.56,77.08,57.51,61.97,54.54,75.28,53.98,32.2,27.6,35.3,73.1,16.6,1.775,529000.0
120,SEN,Senegal,196150.99,42.3,27.23,57.32,78.1,51.44,196150.99,62.8,58.4,67.3,29.5,70.7,52.2,39.9,67.6,52.9,77.6,"$1,700",197362.9,46.73,22.54,57.10,90.05,65.66,40.83,44.84,38.16,85.36,,63.73,60.36,67.1,93.36,,49.52,47.55,50.83,91.67,38.73,30.7,20.4,37.6,68.7,30.3,1.916,
121,UZB,Uzbekistan,412711.17,42.3,64.12,20.42,21.75,37.27,412711.17,65.0,78.2,51.7,23.9,46.9,52.3,57.7,38.3,36.4,0.4,"$1,800",422374.38,32.24,52.74,23.45,12.88,24.08,43.23,67.68,26.92,12.87,51.9,63.67,78.49,48.85,56.18,93.54,45.88,50.67,42.69,30.96,49.18,44.3,29.7,54.1,37.6,65.9,2.001,5346000.0
122,BHR,Bahrain,637.88,42.0,83.69,0.23,13.61,25.49,,,,,,,,,,,,,,,,,,,51.83,83.22,30.9,4.99,39.57,70.07,74.03,66.12,56.54,67.71,55.15,65.28,48.41,33.26,44.31,51.0,49.2,52.2,18.9,67.1,2.085,12045000.0
123,GNQ,Equatorial Guinea,27104.52,41.9,35.04,48.77,77.06,37.44,,,,,,,,,,,,,,,,,,,41.06,38.85,42.54,91.32,,69.59,65.42,73.77,91.8,,60.4,49.66,67.55,87.76,70.08,38.1,27.6,45.1,66.0,46.1,1.863,
124,KHM,Cambodia,179559.26,41.7,28.81,54.57,81.73,56.29,179559.26,53.8,39.1,68.5,85.4,66.0,49.8,18.3,82.7,56.6,89.1,"$2,000",182473.12,55.29,31.25,65.59,94.75,73.93,35.44,42.73,30.58,78.93,,51.24,58.8,43.67,88.15,,43.23,39.81,45.51,80.53,47.63,33.6,30.5,35.6,60.1,30.9,1.882,6201000.0
125,BWA,Botswana,559515.8,41.3,43.28,39.34,100.0,37.89,559515.8,68.7,68.6,68.7,100.0,61.4,,,,,,,580647.2,53.74,45.69,57.18,100.00,48.53,47.6,62.04,37.98,100.0,16.57,70.72,72.37,69.07,93.75,75.67,51.7,37.19,61.37,98.31,47.24,40.4,20.2,53.8,91.6,37.9,1.801,
126,IRQ,Iraq,426753.71,41.0,39.57,42.42,0.0,64.15,426753.71,53.9,67.1,40.8,1.6,40.6,,,,,,,435919.22,25.32,44.52,17.09,0.59,23.68,33.39,58.01,16.98,0.0,36.03,63.97,64.19,63.75,34.64,81.88,43.2,61.46,31.02,28.39,19.73,39.5,39.5,39.4,40.5,31.6,3.157,
127,TCD,Chad,1243139.16,40.8,6.13,75.56,73.51,75.43,1243139.16,45.9,18.4,73.3,79.9,73.3,30.5,0.0,60.5,24.4,88.8,"$1,600",,,,,,,31.02,29.57,31.99,55.34,,37.83,28.46,47.21,80.62,,45.34,41.36,47.99,72.22,49.62,26.7,14.9,34.6,69.0,17.4,2.591,
128,ARE,United Arab Emirates,74776.6,40.7,81.29,0.06,1.17,20.58,,,,,,,,,,,,,79534.68,50.91,87.69,35.15,85.72,2.78,72.91,88.33,62.64,96.47,33.86,69.35,71.43,67.28,89.41,38.49,58.9,67.88,52.92,74.67,27.12,55.6,55.2,55.9,80.9,38.9,1.865,21286000.0
129,NGA,Nigeria,904234.85,40.2,17.64,62.74,74.67,75.84,904234.85,56.2,40.6,71.7,59.8,85.5,44.5,23.0,42.0,55.9,68.6,"$1,000",909041.16,40.14,16.54,50.26,52.69,60.03,39.2,34.05,42.63,57.54,70.55,58.27,53.01,63.53,75.43,82.17,54.76,36.64,66.84,71.64,73.85,31.0,13.9,42.4,53.6,50.8,2.725,
130,BEN,Benin,115828.16,39.6,22.94,56.24,74.2,54.71,115828.16,56.1,40.2,71.9,86.0,71.2,58.4,33.1,88.1,78.9,79.5,"$1,200",115937.18,50.38,21.63,62.70,79.80,58.72,32.42,34.49,31.04,65.88,,43.66,44.75,42.57,77.29,,38.17,36.36,39.37,75.08,34.35,30.0,20.3,36.4,67.0,30.7,2.125,295000.0
131,HTI,Haiti,27229.68,39.5,28.06,50.93,3.14,58.37,27229.68,60.7,50.1,71.3,6.2,84.1,48.9,38.4,17.4,40.7,84.9,"$1,500",27193.52,41.15,33.33,44.51,15.53,68.49,19.01,37.06,6.98,1.09,,43.28,50.01,36.55,24.41,,33.74,45.24,26.08,14.39,42.53,27.0,21.8,30.5,34.5,37.0,2.254,447000.0
132,MLI,Mali,1248145.58,39.4,9.34,69.51,24.32,78.39,1248145.58,44.3,13.4,75.2,37.2,82.4,33.9,8.6,45.0,21.2,92.1,$900,,,,,,,18.43,28.41,11.77,14.3,,41.48,38.36,44.59,73.03,,43.71,43.72,43.7,61.6,55.47,29.4,19.5,36.0,59.6,26.3,2.911,14000.0
133,TKM,Turkmenistan,460254.24,38.4,51.24,25.55,30.36,35.05,460254.24,71.3,78.1,64.4,58.1,58.2,52.3,57.4,30.3,32.4,0.0,"$5,700",479839.97,31.75,59.92,19.67,17.88,14.42,45.07,66.12,31.04,17.86,61.67,70.24,70.44,70.04,49.93,93.27,66.1,73.53,61.15,29.04,81.39,43.9,45.0,43.1,39.7,36.4,2.116,
134,NER,Niger,1157232.49,37.6,0.06,75.08,68.89,75.4,1157232.49,39.1,6.0,72.1,83.0,73.6,25.7,1.0,39.0,22.9,83.6,$900,,,,,,,36.28,27.42,42.19,77.21,,37.48,25.11,49.86,88.33,,35.74,41.94,31.61,85.74,6.36,30.8,17.1,39.9,77.6,12.5,2.655,157000.0
135,TGO,Togo,57276.95,36.4,23.15,49.71,75.85,54.58,57276.95,62.3,52.0,72.6,63.3,82.4,52.8,28.3,68.5,82.3,74.8,"$1,600",57362.93,48.66,22.71,59.78,53.01,75.16,27.91,32.82,24.63,44.23,,46.1,42.96,49.24,71.34,,41.78,38.25,44.14,68.43,43.04,29.5,16.4,38.2,64.2,34.4,2.094,573000.0
136,AGO,Angola,1251895.62,36.3,18.29,54.4,58.43,53.85,1251895.62,39.5,8.9,70.1,58.9,74.6,39.3,7.8,47.3,51.2,74.9,"$2,100",1254991.88,47.57,20.84,59.02,41.20,68.90,28.69,35.44,24.19,41.7,,51.32,55.18,47.46,53.54,,37.44,33.79,39.88,39.19,48.86,29.7,20.4,35.9,39.3,49.0,1.982,218000.0
137,MRT,Mauritania,1036904.89,33.7,25.97,41.36,20.85,56.86,1036904.89,44.2,33.2,55.2,34.6,57.0,32.0,28.4,5.9,30.9,50.3,"$1,800",,,,,,,27.19,37.3,20.44,32.63,,46.31,50.1,42.53,42.92,,39.24,50.01,32.05,31.65,39.84,27.7,20.0,32.8,19.2,32.6,2.193,
138,CAF,Central African Republic,622868.42,33.3,22.31,44.37,100.0,30.95,,,,,,,,,,,,,,,,,,,42.94,31.08,50.85,97.0,,46.46,37.29,55.62,90.87,,36.42,29.16,41.26,89.6,17.55,36.9,12.2,53.5,84.7,45.4,3.021,
139,SLE,Sierra Leone,72617.41,32.1,8.88,55.36,37.08,60.74,72617.41,40.0,18.2,61.9,6.0,69.6,49.5,20.4,56.2,75.5,78.3,$600,,,,,,,21.74,27.89,17.64,23.54,,45.98,41.05,50.91,75.46,,42.54,41.8,43.03,68.63,48.19,25.7,19.1,30.2,52.9,24.9,1.803,57000.0
140,TWN,Taiwan,,,,,,,36222.74,80.8,96.6,65.1,66.7,65.5,79.1,93.5,67.3,47.4,70.7,"$25,300",36384.86,62.23,95.03,48.17,72.65,23.73,62.18,90.44,43.33,71.39,57.69,74.88,76.62,73.14,76.61,76.82,72.84,69.85,74.83,83.03,82.23,57.2,59.2,55.8,65.0,63.1,1.618,
141,LBR,Liberia,,,,,,,,,,,,,51.0,23.3,36.7,86.5,81.3,$900,,,,,,,23.95,37.99,14.59,4.13,,43.42,46.88,39.97,49.67,,41.62,43.73,40.21,34.35,73.11,22.6,21.3,23.6,32.6,24.9,1.973,
142,SRB,Serbia,,,,,,,,,,,,,,,,,,,92633.31,46.14,72.69,34.76,35.00,20.11,,,,,,78.67,83.35,73.98,61.46,83.34,57.49,61.18,55.03,49.84,61.77,55.2,47.8,60.2,57.4,68.1,1.832,1711000.0
143,TLS,Timor-Leste,,,,,,,,,,,,,,,,,,,,,,,,,39.41,44.92,35.74,60.43,,55.79,64.04,47.54,71.39,,49.54,51.02,48.56,73.47,45.01,35.3,28.9,39.5,64.5,23.4,1.839,75000.0
144,AFG,Afghanistan,,,,,,,,,,,,,,,,,,,,,,,,,21.57,34.61,12.87,2.52,,37.5,52.92,22.08,21.25,,37.74,36.76,38.4,13.44,33.04,25.5,20.0,29.2,21.9,22.2,3.554,
145,LSO,Lesotho,,,,,,,,,,,,,,,,,,,,,,,,,20.81,43.31,5.82,1.3,,47.17,56.74,37.59,26.17,,33.78,29.78,36.45,17.43,44.79,28.0,11.8,38.8,22.5,52.4,2.089,1173000.0
146,MNE,Montenegro,,,,,,,,,,,,,,,,,,,,,,,,,,,,,,78.89,89.6,68.19,67.72,64.29,61.33,72.61,53.81,73.77,46.85,46.3,46.7,46.1,36.6,65.6,1.801,2077000.0
147,MKD,North Macedonia,,,,,,,,,,,,,,,,,,,,,,,,,,,,,,,,,,,,,,,,55.4,43.6,63.2,62.1,75.2,1.704,707000.0
148,SWZ,Eswatini,,,,,,,,,,,,,,,,,,,,,,,,,,,,,,,,,,,,,,,,33.8,17.6,44.6,38.4,56.9,2.033,782000.0
