,Code,Country,EPI_2010,HLT_2010,ECO_2010,BDH_2010,CCH_2010,EPI_2006,HLT_2006,ECO_2006,BDH_2006,CCH_2006,EPI_2008,HLT_2008,BDH_2008,GDP_pc_ppp,Landarea,EPI_2012,HLT_2012,ECO_2012,BDH_2012,CCH_2012,EPI_2014,HLT_2014,ECO_2014,BDH_2014,CCH_2014,EPI_2016,HLT_2016,ECO_2016,BDH_2016,CCH_2016,EPI_2018,HLT_2018,ECO_2018,BDH_2018,CCE_2018,EPI_current,HLT_current,ECO_current,BDH_current,CCE_2020,Safety_score,Arrivals,CCH_2008,average_EPI,average_HLT,average_BDH,average_ECO,average_CCE,Rural_eco_rating,Urban_eco_rating
0,ISL,Iceland,93.5,95.09,91.87,68.86,90.31,87.6,99.3,75.8,62.3,82.3,82.1,98.8,63.7,"$31,900",102298.0,66.28,100.00,51.83,70.58,64.98,76.5,98.77,61.65,81.9,71.31,90.51,98.67,82.35,66.04,96.4,78.57,98.41,65.34,75.77,61.96,72.3,98.1,55.0,63.2,60.8,1.107,2343800.0,65.2,83.01142857142857,98.16285714285713,68.82428571428571,72.00166666666667,77.18,71.58167142857143,91.23851428571429
1,CHE,Switzerland,89.1,92.29,85.9,100.0,73.83,95.5,98.9,92.1,82.7,94.6,81.4,98.3,28.6,"$33,800",41271.84,76.69,93.22,69.61,98.06,58.21,87.67,92.19,84.67,100.0,78.14,86.93,83.78,90.09,90.43,82.53,87.42,93.57,83.32,84.2,90.55,81.5,95.0,72.5,63.0,81.6,1.357,10362000.0,72.15,87.07428571428571,93.43285714285715,78.41857142857144,84.76333333333334,83.54166666666667,80.10919285714287,90.16876428571429
2,CRI,Costa Rica,86.4,82.18,90.61,73.4,78.55,90.5,93.2,87.7,48.0,98.3,81.6,81.1,80.3,"$9,600",51452.02,69.03,76.19,65.96,72.88,79.02,58.53,82.62,42.47,89.55,38.46,80.03,91.15,68.91,90.52,81.52,67.85,76.44,62.13,87.71,59.29,52.5,60.5,47.2,70.1,54.8,1.732,3017000.0,73.3,73.91571428571429,81.02714285714286,77.08285714285714,66.50333333333333,68.48666666666666,74.24611428571428,76.88878571428572
3,SWE,Sweden,86.0,92.77,79.32,61.04,70.11,93.1,99.4,86.9,58.0,91.6,87.8,99.4,55.6,"$28,400",443016.37,68.82,100.00,55.45,52.14,57.85,78.09,99.04,64.12,62.38,77.34,90.43,97.29,83.57,88.76,92.73,80.51,94.41,71.24,81.0,86.8,78.7,98.4,65.6,72.5,77.2,1.564,7440000.0,72.65,84.94714285714288,97.24428571428572,68.46857142857142,75.125,82.63,73.14184285714286,92.42157142857144
4,NOR,Norway,81.1,90.75,71.52,46.63,65.68,93.1,99.3,86.9,61.2,92.7,80.2,98.8,35.9,"$40,000",325602.24,69.92,100.00,57.03,63.74,56.30,78.04,99.44,63.77,71.68,75.65,86.9,97.82,75.98,82.2,57.12,77.49,97.86,63.91,88.96,63.58,77.7,98.5,63.8,71.5,78.9,1.465,5688000.0,69.65,82.0757142857143,97.49571428571429,65.43857142857142,70.98,72.27166666666666,67.69349285714286,89.17177857142858
5,MUS,Mauritius,80.6,83.66,77.51,44.96,72.92,78.1,97.7,58.5,21.9,53.5,,,,,,,,,,,58.09,86.55,39.11,43.7,29.91,70.85,94.56,47.13,55.45,,56.63,77.45,42.75,38.28,48.06,45.1,60.0,35.3,19.3,51.0,1.57,1399000.0,,64.895,83.32000000000001,37.265,50.050000000000004,51.078,41.82329,72.68014000000001
6,FRA,France,78.2,90.75,65.69,67.43,56.36,87.8,99.4,76.2,27.4,85.7,82.5,99.2,50.9,"$28,700",549096.13,69.00,98.88,56.20,80.75,44.60,71.05,96.48,54.09,54.45,49.83,88.2,89.97,86.44,99.52,80.12,83.95,95.71,76.11,96.25,70.46,80.0,91.5,72.3,88.3,81.9,1.895,89322000.0,70.2,81.67142857142858,94.7157142857143,69.17857142857143,71.80499999999999,70.72833333333334,69.68999285714287,86.7998785714286
7,AUT,Austria,78.1,89.47,66.8,100.0,50.07,89.4,98.1,80.7,71.6,79.9,85.2,97.7,28.8,"$31,300",83879.59,68.92,98.99,56.03,58.00,46.58,78.32,92.15,69.11,86.59,62.09,86.64,86.41,86.87,93.33,78.76,78.97,86.38,74.03,91.69,62.79,79.6,88.0,74.0,85.5,71.3,1.3,30816000.0,69.7,82.31857142857143,91.17285714285713,79.64428571428572,75.25166666666667,67.485,75.63172142857144,83.35586428571428
8,CUB,Cuba,78.1,84.35,71.91,49.63,66.6,80.7,96.4,65.1,28.0,64.5,75.3,85.1,66.0,"$3,000",111269.62,56.48,74.37,48.82,57.80,47.20,55.07,80.64,38.02,56.06,16.93,79.04,91.09,66.98,78.51,,63.42,75.76,55.2,74.37,49.15,48.4,50.5,47.0,51.1,64.2,2.083,4684000.0,52.7,68.57571428571428,80.54857142857144,57.667142857142856,57.36833333333333,52.275999999999996,55.888065714285716,71.21862285714286
9,COL,Colombia,76.8,74.6,78.94,82.66,71.32,88.3,91.4,85.2,75.0,87.1,80.4,82.4,60.3,"$6,600",1144394.81,62.33,55.55,65.23,84.43,72.75,50.77,66.01,40.62,80.4,43.49,75.93,82.2,69.66,87.99,72.63,65.22,71.05,61.33,81.37,50.1,52.9,55.0,51.6,76.8,55.4,2.729,3904000.0,75.9,70.04571428571428,74.6657142857143,77.78857142857143,64.55833333333332,63.339999999999996,73.02054285714286,70.92822857142858
10,MLT,Malta,76.3,92.12,60.55,75.06,59.01,,,,,,,,,,326.16,48.51,91.20,30.22,44.09,32.29,67.42,94.7,49.23,80.96,55.32,88.48,92.83,84.13,93.98,84.79,80.9,93.8,72.3,87.77,67.04,70.7,86.1,60.5,75.1,62.6,,2599000.0,,76.76,91.91,82.574,65.342,65.75200000000001,77.02274000000001,83.27786
11,FIN,Finland,74.7,90.75,58.74,68.64,46.3,91.4,99.3,83.6,78.3,76.8,87.0,98.8,54.3,"$29,000",337320.78,64.44,100.00,49.20,52.34,31.55,75.72,99.44,59.9,61.86,62.24,90.68,97.23,84.13,96.93,90.2,78.64,99.35,64.83,89.25,62.33,78.9,99.3,65.3,75.5,77.0,1.439,3224000.0,70.5,82.43428571428572,97.73857142857142,74.96857142857142,69.41666666666667,69.145,73.04679285714286,88.30269285714286
12,SVK,Slovakia,74.5,84.5,64.41,100.0,45.2,86.0,99.1,72.9,53.5,71.2,79.1,96.4,45.8,"$14,500",48985.49,66.62,94.39,54.72,84.47,36.18,74.45,87.89,65.48,84.33,72.48,85.42,83.77,87.07,100.0,90.78,70.6,63.87,75.08,94.31,74.21,68.3,64.3,70.9,85.0,71.9,1.499,,56.7,76.91,82.83285714285714,80.42,72.64,70.96166666666666,77.29875000000001,78.91536428571428
13,GBR,United Kingdom,74.2,89.82,58.66,70.48,51.82,86.3,99.4,73.2,47.2,74.6,85.6,98.9,58.8,"$29,600",244840.71,68.82,98.07,56.29,100.00,33.46,77.35,98.61,63.18,70.11,54.24,87.38,93.85,80.92,98.98,84.53,79.89,96.03,69.13,96.69,63.06,81.3,91.7,74.3,88.0,90.0,1.667,36316000.0,69.7,81.71714285714283,95.47285714285715,75.75142857142858,69.89833333333334,69.70833333333333,73.75720714285715,86.97056428571429
14,NZL,New Zealand,73.4,90.75,55.97,65.73,38.71,88.9,99.0,78.8,61.9,71.1,88.0,97.9,73.5,"$23,200",269798.3,66.05,95.03,53.62,74.43,44.57,76.41,87.92,68.74,76.05,62.94,88.0,97.81,78.19,92.75,83.69,75.96,95.96,62.63,91.84,55.78,71.3,88.0,60.2,84.0,61.5,1.269,3686000.0,78.55000000000001,80.28142857142858,93.9057142857143,77.96714285714286,67.42166666666667,62.28666666666667,72.79258571428572,83.47142857142859
15,CHL,Chile,73.3,81.28,65.4,40.94,60.74,83.4,93.3,73.6,42.7,78.4,78.9,87.2,68.4,"$10,700",757751.37,55.34,84.84,42.70,57.05,46.30,69.93,89.42,56.94,60.16,35.92,77.67,93.23,62.11,75.15,40.29,57.49,73.73,46.66,69.79,37.37,55.3,63.4,49.8,65.3,54.3,1.84,5723000.0,69.15,70.8557142857143,83.08,60.34857142857144,59.08500000000001,51.169999999999995,57.31964285714287,72.5497
16,DEU,Germany,73.2,90.75,55.7,100.0,49.62,86.3,99.4,73.3,48.2,76.2,79.4,98.7,21.2,"$28,700",357053.7,66.91,98.99,53.16,100.00,30.05,80.47,92.83,72.23,100.0,62.77,84.26,84.66,83.87,100.0,78.19,78.37,88.68,71.5,96.92,55.47,77.2,89.6,68.9,88.8,71.5,1.462,38881000.0,69.8,79.88571428571429,92.08857142857143,79.30285714285715,70.91666666666667,65.625,74.78916428571429,83.35559285714285
17,ITA,Italy,73.1,90.87,55.24,72.37,47.97,84.2,98.6,69.8,16.5,74.5,79.8,95.3,48.7,"$27,700",300906.2,68.90,100.00,55.57,94.79,38.36,74.36,81.46,69.63,79.77,63.41,84.48,82.83,86.14,98.96,79.35,76.96,85.88,71.02,94.1,65.14,71.0,85.5,61.3,75.6,68.1,1.643,61567200.0,67.75,77.7,88.63428571428571,69.42857142857143,68.855,66.41166666666668,68.43299285714286,81.30082142857142
18,PRT,Portugal,73.0,87.57,58.4,57.97,49.85,85.8,98.4,73.1,33.7,72.9,82.9,97.4,54.6,"$17,900",92013.56,57.64,93.05,42.46,66.16,43.23,75.8,98.24,60.84,64.36,80.68,88.63,96.55,80.7,95.78,90.82,71.91,90.47,59.53,91.41,56.89,67.0,83.4,56.1,73.0,63.3,1.301,16186000.0,64.6,77.86285714285714,93.14714285714285,67.25999999999999,64.77833333333335,69.07333333333334,67.8584,85.20278571428571
19,JPN,Japan,72.5,90.18,54.9,63.16,48.28,84.5,98.3,70.8,37.3,70.5,81.9,97.6,70.4,"$29,400",373154.11,63.36,98.07,48.48,67.12,30.55,72.35,94.66,57.48,73.53,43.54,80.59,86.59,74.58,93.25,59.22,74.69,92.99,62.48,90.34,45.08,75.1,90.3,65.1,76.6,69.5,1.336,31192000.0,66.15,77.37571428571428,92.94571428571429,72.08285714285715,64.22333333333334,56.02,66.7821142857143,80.76022857142857
20,LVA,Latvia,72.5,75.05,69.98,76.29,55.55,88.8,95.2,82.4,42.4,86.9,,,,,64385.35,70.37,73.81,68.90,96.97,56.32,64.05,80.52,53.07,95.17,53.27,85.71,91.0,80.42,97.81,83.19,66.12,72.8,61.66,92.05,42.89,61.6,58.0,64.0,86.7,67.7,1.673,1946000.0,,73.13000000000001,78.76166666666667,81.73666666666666,68.58833333333332,64.91666666666666,76.18606666666668,74.19281666666667
21,CZE,Czech Republic,71.6,86.87,56.37,100.0,41.91,,,,,,,,,,78778.88,64.79,96.02,51.41,84.12,21.72,81.47,90.63,75.35,98.35,65.82,84.67,80.81,88.53,100.0,91.23,67.68,68.69,67.01,94.96,54.65,71.0,68.3,72.9,85.7,76.3,1.318,10611000.0,,75.284,79.06,95.80199999999999,72.032,65.982,85.9614,74.74426000000001
22,ALB,Albania,71.4,69.93,72.92,77.02,68.97,84.0,89.3,78.6,4.0,93.4,68.9,77.7,22.2,"$4,900",29000.15,65.85,82.19,58.85,61.72,85.85,54.73,72.63,42.8,63.19,85.74,74.38,84.74,64.03,54.12,91.01,65.46,65.67,65.32,75.37,68.36,49.0,44.5,52.0,68.2,56.8,1.761,5340000.0,45.0,66.83857142857143,72.06714285714285,52.01428571428571,62.61166666666667,77.38000000000001,60.38497142857143,73.82038571428572
23,PAN,Panama,71.4,71.75,70.99,71.28,58.68,83.1,86.4,79.8,64.2,78.0,76.5,75.6,83.2,"$6,900",75796.79,57.94,57.09,58.31,84.81,58.62,56.84,68.6,48.99,86.96,52.82,78.0,86.15,69.85,87.93,72.34,62.71,66.96,59.87,86.0,54.32,47.3,50.4,45.2,60.4,50.3,1.876,1785000.0,64.05,67.97857142857143,72.26571428571428,77.13857142857144,62.449999999999996,61.076666666666675,71.83814285714287,68.57332857142858
24,ESP,Spain,70.6,88.71,52.52,57.22,46.11,83.1,98.2,68.1,28.7,73.7,79.2,97.0,62.1,"$23,300",506659.44,60.31,98.99,43.73,74.19,39.52,79.79,97.63,67.89,56.56,81.84,88.91,94.57,83.24,96.73,81.83,78.39,94.21,67.85,95.66,67.77,74.3,86.8,66.0,87.6,71.2,1.603,82773000.0,63.6,79.1842857142857,93.8742857142857,69.22428571428573,67.60000000000001,70.40833333333333,69.61502142857144,86.13052142857143
25,BLZ,Belize,69.9,67.58,72.28,96.81,63.62,71.7,81.3,62.2,89.2,39.6,,,,,,,,,,,50.46,79.76,30.93,98.58,2.59,73.55,83.39,63.71,99.03,,57.79,65.09,52.93,93.47,45.03,41.9,40.3,43.0,87.9,37.7,,489000.0,,60.88333333333333,69.57000000000001,94.165,54.175000000000004,37.708000000000006,75.53419000000001,59.05554000000001
26,ATG,Antigua and Barbuda,69.8,83.21,56.38,27.61,61.88,,,,,,,,,,,,,,,,48.89,81.6,27.08,60.92,8.41,62.55,88.43,36.67,77.19,,59.18,76.53,47.61,88.49,11.26,48.5,55.5,43.8,55.7,58.5,,269000.0,,57.784000000000006,77.054,61.98199999999999,42.30800000000001,35.0125,53.08206499999999,63.180305000000004
27,SGP,Singapore,69.6,89.18,50.09,44.24,48.57,,,,,,,,,,671.15,56.36,100.00,37.65,34.06,28.26,81.78,99.44,70.01,46.33,86.85,87.04,89.35,84.74,72.26,95.44,64.23,72.14,58.96,21.46,67.64,58.1,85.0,40.2,20.9,40.2,1.326,14673000.0,,72.15,87.022,41.038,60.8,67.74,49.84966,80.65894
28,ECU,Ecuador,69.3,75.77,62.92,82.92,55.43,84.4,91.7,77.0,79.6,80.1,75.5,78.2,64.6,"$3,700",258165.72,60.55,72.14,55.59,93.91,52.65,58.54,73.44,48.62,88.09,54.66,66.58,85.61,47.55,88.91,44.23,57.42,72.58,47.31,84.08,46.8,51.0,50.2,51.5,77.3,60.2,1.988,2535000.0,72.35,66.10571428571428,75.35714285714286,80.78571428571429,55.81666666666667,56.90333333333333,72.90452857142857,69.26738571428572
29,PER,Peru,69.3,61.34,77.21,52.81,70.2,78.1,78.3,77.9,58.1,87.1,65.4,64.8,57.4,"$5,600",1293936.3,50.29,45.70,52.25,74.04,67.30,45.05,55.85,37.84,70.36,16.71,72.95,78.39,67.51,84.59,33.92,61.92,56.49,65.53,83.52,58.04,44.0,45.1,43.2,59.5,41.3,2.091,4419000.0,70.65,62.38857142857143,62.89571428571429,66.61142857142856,61.531666666666666,51.21166666666667,61.52950714285714,59.03997857142858
30,DNK,Denmark,69.2,89.82,48.49,52.71,46.15,84.0,99.3,68.7,13.9,81.8,84.2,98.5,41.0,"$32,200",43010.15,63.61,98.99,48.44,61.32,34.91,76.92,97.61,63.12,67.74,67.22,89.21,94.29,84.12,97.6,88.67,81.6,98.2,70.53,94.48,67.56,82.5,91.7,76.4,81.7,95.0,1.296,12749000.0,71.7,81.09,95.63142857142859,64.16142857142857,68.56,74.39999999999999,67.54015714285714,88.62505714285714
31,HUN,Hungary,69.1,82.66,55.57,49.97,51.34,84.2,98.4,70.1,10.5,79.4,77.1,94.2,47.7,"$14,900",92967.37,57.12,93.79,41.40,30.12,37.87,70.28,88.98,57.81,29.57,66.87,84.6,81.89,87.3,100.0,91.08,65.01,57.67,69.9,91.7,61.68,63.7,54.1,70.0,82.0,71.3,1.411,17552000.0,62.400000000000006,73.42714285714285,79.7,58.777142857142856,68.44666666666666,70.27833333333334,62.57253571428572,76.59085000000002
32,SLV,El Salvador,69.1,68.89,69.26,18.01,75.73,77.2,81.8,72.6,4.3,88.5,63.0,64.1,18.9,"$4,900",20463.38,52.08,59.43,48.94,39.13,67.44,43.79,65.62,29.23,24.53,58.24,68.07,77.25,58.88,76.43,78.71,53.91,63.99,47.19,69.06,63.47,43.1,42.5,43.5,35.8,62.8,2.231,1677300.0,62.5,59.738571428571426,66.30714285714285,35.290000000000006,53.44333333333333,71.24166666666666,47.154050000000005,67.9355357142857
33,HRV,Croatia,68.7,82.47,54.83,67.65,39.88,84.6,96.6,72.7,14.1,76.9,,,,,61690.87,64.16,83.86,55.71,74.49,46.26,62.23,83.39,48.13,70.87,63.26,86.98,86.37,87.59,98.96,85.23,65.45,67.04,64.39,95.25,54.41,63.1,61.2,64.3,82.6,70.0,1.44,16645000.0,,71.84333333333333,79.51166666666667,71.57166666666666,65.32333333333334,64.94666666666666,69.38541666666666,74.70521666666667
34,DOM,Dominican Republic,68.4,72.51,64.38,86.06,56.58,,,,,,,,,,48392.54,52.44,58.47,49.86,52.00,56.07,53.24,69.12,42.65,92.94,44.06,75.32,78.91,71.73,93.54,,64.71,64.86,64.61,87.06,61.27,46.3,36.1,53.2,81.6,56.1,1.99,6569000.0,,61.59400000000001,64.3,88.24000000000001,59.314,54.5025,77.10662500000001,61.066825
35,LTU,Lithuania,68.3,74.34,62.32,46.53,59.65,86.2,95.1,77.4,11.0,88.7,,,,,64747.57,65.50,83.28,57.88,86.06,44.67,61.26,73.87,52.86,91.83,51.02,85.49,89.13,81.86,98.55,85.72,69.33,72.57,67.18,93.83,62.46,62.9,63.2,62.7,87.5,65.9,1.724,2825000.0,,72.24666666666666,78.035,71.54,67.38666666666667,68.90833333333335,70.67155000000001,75.0232
36,NPL,Nepal,68.2,41.38,95.09,79.58,96.36,72.1,60.2,84.0,45.0,98.1,60.2,44.1,60.5,"$1,500",147607.73,57.97,37.93,66.56,62.18,88.65,37.0,31.67,40.55,61.79,,50.21,46.16,54.26,76.59,,31.44,10.54,45.38,68.52,35.11,32.7,21.0,40.5,62.6,23.7,1.947,1173000.0,61.150000000000006,50.26428571428571,36.43571428571429,64.94,59.96333333333333,63.317499999999995,64.404575,45.30670357142857
37,SUR,Suriname,68.2,70.73,65.62,74.31,63.57,,,,,,73.0,75.1,66.9,"$4,300",,,,,,,53.57,67.15,44.52,75.04,52.76,68.58,83.81,53.34,81.12,,54.2,62.46,48.68,70.23,35.74,45.2,36.6,50.9,63.6,52.8,,,46.400000000000006,60.45833333333332,65.975,71.86666666666667,52.612,51.2175,65.05244166666668,61.105025
38,BTN,Bhutan,68.0,56.88,79.16,100.0,71.68,,,,,,,,,,,,,,,,46.86,42.07,50.06,94.92,,64.99,69.14,60.84,96.34,,47.22,35.27,55.18,96.3,43.76,39.3,29.8,45.7,87.2,24.7,1.481,274000.0,,53.274,46.632000000000005,94.952,58.188,46.71333333333333,79.03324,46.658840000000005
39,LUX,Luxembourg,67.8,90.75,44.92,100.0,28.15,83.1,99.3,66.9,56.7,59.0,,,,,2592.98,69.20,100.00,56.00,100.00,19.76,83.29,92.26,77.31,100.0,56.75,86.58,88.88,84.29,100.0,74.05,79.12,95.07,68.48,96.54,58.53,82.3,92.6,75.4,85.5,77.5,,1018000.0,,80.365,93.14333333333333,89.79,69.55000000000001,58.99666666666667,79.6282,81.87493333333333
40,DZA,Algeria,67.4,67.58,67.25,51.89,66.18,77.0,82.2,71.8,73.9,74.6,66.2,85.1,37.8,"$6,600",2324668.37,48.56,66.64,40.81,37.71,40.71,50.08,70.51,36.45,34.86,37.53,70.28,76.07,64.5,61.62,43.6,57.18,80.95,41.34,49.33,26.94,44.8,50.4,41.0,39.0,52.5,2.146,2657000.0,49.7,61.84857142857144,73.25857142857141,49.771428571428565,53.723333333333336,50.225,49.92110714285714,65.65749285714286
41,MEX,Mexico,67.3,76.63,58.06,51.1,56.42,79.8,91.3,68.3,41.8,71.5,64.8,80.6,48.6,"$9,600",1959126.88,49.11,64.07,42.69,63.47,40.50,55.03,69.98,45.06,62.32,51.35,73.59,77.58,69.61,78.66,54.9,59.69,66.04,55.46,74.68,46.84,52.6,47.5,55.9,72.9,65.2,2.612,41313000.0,51.099999999999994,64.68714285714286,72.80428571428571,61.43714285714287,58.73166666666666,57.70166666666666,60.20443571428572,67.82042142857142
42,IRL,Ireland,67.1,91.73,42.48,7.03,40.36,82.7,99.4,66.1,8.8,69.7,83.3,98.6,26.2,"$31,900",70100.1,58.69,98.12,41.79,34.17,31.85,74.67,96.27,60.27,18.74,75.01,86.6,95.6,77.61,90.51,91.19,78.77,95.92,67.34,88.63,54.16,72.8,94.2,58.6,65.8,66.6,1.288,10926000.0,70.75,77.99142857142856,95.96000000000001,43.67285714285714,62.06666666666666,66.17,51.09691428571429,86.12930000000001
43,ROU,Romania,67.0,72.67,61.34,63.55,50.8,71.9,77.8,66.1,30.1,70.4,56.9,61.2,36.9,"$7,700",237127.99,48.34,60.67,43.05,45.33,41.82,50.52,61.85,42.96,63.51,62.82,83.24,81.19,85.28,95.77,96.18,64.78,58.67,68.85,90.8,68.53,64.7,50.0,74.4,85.0,84.6,1.64,11720000.0,44.9,65.57714285714286,66.19714285714286,66.51857142857143,66.48833333333333,72.22166666666668,68.40059285714287,68.18523571428572
44,CAN,Canada,66.4,92.77,40.1,61.91,37.34,86.6,98.9,74.4,67.6,69.3,84.0,98.6,55.2,"$31,500",9753742.04,58.41,100.00,40.59,53.59,27.81,73.14,97.92,56.61,58.4,59.85,85.06,95.15,74.96,74.5,74.59,72.18,97.51,55.29,83.2,39.88,71.0,91.7,57.3,60.5,65.7,1.389,21134000.0,59.5,76.91142857142857,96.07857142857144,65.90142857142857,59.77666666666667,57.77666666666667,63.22025714285715,83.43894285714286
45,NLD,Netherlands,66.4,89.33,43.38,80.05,39.19,78.7,98.1,59.4,9.1,66.1,78.7,97.1,26.1,"$29,500",34887.79,65.65,97.23,52.12,84.67,27.58,77.75,91.86,68.35,94.69,53.32,82.03,82.85,81.21,90.38,75.43,75.46,92.26,64.25,80.13,52.55,75.3,91.0,64.8,83.7,65.8,1.522,18780000.0,65.6,76.33428571428571,91.78571428571429,66.30714285714285,63.565,58.73166666666666,63.80723571428571,80.87787857142858
46,MDV,Maldives,65.9,64.26,67.62,0.13,75.46,,,,,,,,,,,,,,,,,,,,,57.1,87.43,26.77,35.92,,52.14,73.23,38.09,23.61,44.71,35.6,48.0,27.4,6.5,27.7,,1484000.0,,52.684999999999995,68.23,16.54,39.970000000000006,49.28999999999999,27.347499999999997,61.9798
47,FJI,Fiji,65.9,60.41,71.42,16.93,60.2,69.7,78.2,61.2,8.7,54.3,,,,,,,,,,,53.08,70.72,41.33,37.98,65.71,75.29,86.6,63.99,59.23,,53.09,61.7,47.35,46.45,56.91,34.4,34.7,34.2,25.1,36.9,,870000.0,,58.576666666666675,65.38833333333334,32.39833333333333,53.248333333333335,54.803999999999995,39.79220333333333,61.89550333333334
48,PHL,Philippines,65.7,65.88,65.49,64.16,64.45,77.9,82.5,73.4,44.5,82.0,69.4,63.6,69.0,"$5,000",297386.59,57.40,52.56,59.48,66.04,64.66,44.02,60.61,32.95,64.67,35.73,73.7,75.14,72.27,86.16,80.98,57.65,55.64,58.99,78.08,54.54,38.4,34.1,41.4,56.6,42.8,2.339,7168000.0,70.15,60.967142857142846,62.49571428571428,66.16714285714286,57.41666666666666,60.083333333333336,64.15948571428572,61.69962857142857
49,AUS,Australia,65.7,91.73,39.58,77.86,27.64,79.8,99.3,60.4,78.1,42.5,80.1,99.0,49.6,"$30,700",7716284.08,56.61,98.99,38.45,85.43,13.38,82.4,99.44,71.03,83.08,47.67,87.22,98.71,75.73,87.18,62.81,74.12,97.95,58.23,84.64,48.18,74.9,91.6,63.8,83.7,70.4,1.565,9246000.0,57.7,77.74857142857142,96.81857142857143,77.73714285714286,61.46166666666667,49.866666666666674,68.53988571428572,81.32444285714287
50,MAR,Morocco,65.6,73.38,57.84,25.46,56.64,72.1,85.2,59.0,15.4,66.5,64.1,75.7,54.7,"$4,200",406797.78,45.76,60.29,39.53,22.34,57.05,51.89,63.35,44.25,31.2,49.4,74.18,74.28,74.09,91.1,59.61,63.47,67.43,60.82,88.43,49.66,42.3,33.3,48.3,67.4,48.7,1.969,12289000.0,64.75,61.948571428571434,67.52,53.384285714285724,57.38333333333333,55.08499999999999,53.94552142857144,63.41645
51,BLR,Belarus,65.4,74.73,56.01,70.13,51.57,80.5,95.4,65.6,23.3,68.3,,,,,207643.23,53.88,84.65,40.70,42.47,26.46,67.69,81.0,58.82,41.25,43.15,82.3,87.37,77.24,73.06,94.87,64.98,69.55,61.94,65.61,64.73,53.0,55.9,51.1,61.2,53.1,2.259,11501600.0,,68.97833333333334,77.325,55.75833333333333,61.785,62.620000000000005,58.02268333333333,72.47235
52,MYS,Malaysia,65.0,81.31,48.67,74.07,42.33,84.0,96.7,71.2,68.3,61.9,83.3,88.8,71.5,"$9,700",331235.22,62.51,85.28,52.75,90.10,27.99,59.31,87.71,40.37,93.37,40.24,74.23,84.21,64.25,90.85,58.95,59.22,66.63,54.28,76.68,47.68,47.9,55.4,42.9,55.1,52.8,1.471,25832000.0,70.3,67.5657142857143,80.10857142857142,75.69571428571429,53.61166666666666,50.650000000000006,67.43062857142857,70.38724285714287
53,SVN,Slovenia,65.0,84.98,44.93,51.14,41.37,86.3,97.8,74.8,36.5,77.2,77.5,97.3,23.5,"$19,600",20265.26,62.25,88.05,51.20,76.88,35.20,76.43,91.37,66.47,100.0,54.59,88.98,88.32,89.65,100.0,82.2,67.57,72.34,64.4,95.78,51.16,72.0,68.9,74.1,86.4,75.2,1.316,4425000.0,64.35,76.25428571428571,85.85857142857142,70.4742857142857,69.05833333333334,63.62,68.21237142857143,78.51984285714286
54,EST,Estonia,63.8,76.85,50.76,88.53,36.0,85.2,97.7,72.7,72.4,61.8,,,,,45257.38,56.09,70.48,49.92,100.00,16.45,74.66,89.12,65.02,100.0,56.71,88.59,95.26,81.91,100.0,76.58,64.31,73.24,58.35,92.39,33.62,65.3,73.0,60.1,87.0,59.0,1.662,3234000.0,,73.64333333333333,84.19500000000001,90.05333333333333,64.80666666666667,53.95166666666666,78.13978333333333,74.21470000000001
55,LKA,Sri Lanka,63.7,45.84,81.59,73.99,79.71,79.5,78.8,80.3,62.6,85.6,64.6,61.3,56.6,"$4,000",66264.46,55.72,66.54,51.08,49.72,67.80,53.88,67.49,44.8,67.7,54.62,65.55,71.07,60.02,81.98,91.12,60.61,64.7,57.88,80.38,70.88,39.0,42.1,36.9,61.1,31.0,2.02,2334000.0,67.65,60.97714285714286,61.614285714285714,69.19285714285715,60.24833333333333,68.82166666666667,69.0703642857143,63.992721428571436
56,GEO,Georgia,63.6,72.14,55.15,26.85,54.38,82.2,88.4,75.9,18.6,92.7,61.4,61.8,31.8,"$3,100",69889.8,56.84,75.44,48.88,28.36,66.79,47.23,73.12,29.97,29.59,45.43,64.96,78.12,51.81,70.31,51.28,55.69,57.1,54.75,62.33,48.41,41.3,38.7,43.1,46.2,50.1,2.065,4757000.0,45.7,59.48285714285714,67.05428571428571,40.81142857142857,51.78000000000001,57.05000000000001,46.17015714285715,63.75287142857143
57,PRY,Paraguay,63.5,58.07,68.96,53.04,72.48,77.7,73.3,82.1,58.5,94.2,66.4,63.7,43.8,"$4,800",401294.15,52.40,52.18,52.50,21.29,89.49,39.25,59.03,26.07,31.2,44.09,70.36,81.14,59.58,78.94,68.1,53.93,58.1,51.15,64.02,54.05,46.4,46.8,46.2,62.8,40.9,1.976,1181000.0,61.900000000000006,59.64857142857143,62.877142857142864,56.042857142857144,55.676666666666655,62.303333333333335,58.10881428571429,62.687785714285724
58,USA,United States of America,63.5,88.3,38.65,65.92,29.37,,,,,,,,,,9325028.98,56.59,94.47,40.36,71.76,17.73,67.52,92.74,50.71,63.35,56.45,84.72,94.41,75.03,79.35,80.88,71.19,93.91,56.04,70.93,45.81,69.3,82.8,60.3,67.5,71.4,2.44,,,71.246,90.432,69.41,56.145999999999994,56.782,65.24276,79.3275
59,BRA,Brazil,63.4,71.63,55.19,61.31,46.44,82.7,86.9,78.4,53.9,83.3,77.0,79.3,50.5,"$8,100",8536317.62,60.90,62.07,60.40,76.76,71.64,52.97,72.22,40.13,66.74,53.82,78.9,87.14,70.67,92.62,56.41,60.7,67.44,56.21,88.17,33.24,51.2,49.7,52.2,78.1,51.7,2.465,6621000.0,72.3,66.69571428571429,73.47571428571428,70.19142857142857,58.79999999999999,54.151666666666664,64.89830714285715,67.09877857142857
60,POL,Poland,63.1,75.19,51.03,80.44,45.93,80.5,93.6,67.4,48.4,62.7,76.2,95.0,29.2,"$12,000",311370.35,63.47,89.22,52.43,98.81,25.91,69.53,76.25,65.05,91.76,60.53,81.26,80.54,81.98,99.76,88.91,64.11,58.71,67.72,96.37,64.33,60.9,58.9,62.3,89.0,65.4,1.552,19622000.0,54.35,70.8,76.88428571428571,76.41857142857144,65.91333333333334,64.63333333333333,72.52944285714287,72.84147142857142
61,VEN,Venezuela,62.9,79.13,46.67,78.19,47.24,80.0,88.5,71.6,74.9,68.4,74.1,81.8,88.0,"$5,800",917025.5,55.62,71.03,49.02,88.14,37.33,57.8,72.83,47.79,92.92,43.59,76.23,81.21,71.24,95.73,70.24,63.89,75.74,55.99,96.21,37.8,50.3,46.5,52.9,75.1,63.3,2.798,,54.5,66.46000000000001,75.10142857142857,85.86428571428573,57.69833333333333,55.095000000000006,75.71042142857144,68.49930714285715
62,BGR,Bulgaria,62.5,73.21,51.85,66.94,39.92,78.5,94.7,62.2,21.3,63.3,72.0,93.7,30.9,"$8,200",111464.48,56.28,92.16,40.90,57.25,29.55,64.01,86.57,48.97,68.85,48.18,83.4,85.18,81.62,88.98,77.03,67.85,69.6,66.68,93.39,56.04,57.0,50.3,61.5,77.7,69.5,1.541,9273000.0,38.45,69.32285714285715,79.03714285714285,64.00857142857143,62.13666666666668,58.995000000000005,62.35409285714286,72.42323571428571
63,ISR,Israel,62.4,92.11,32.75,72.76,32.37,79.6,97.9,61.3,62.7,60.5,73.7,95.9,47.3,"$20,800",22468.13,54.64,97.59,36.23,60.89,27.21,65.78,92.57,47.93,39.34,41.86,78.14,79.43,76.85,71.29,82.23,75.01,94.14,62.25,59.33,57.09,65.8,83.6,54.0,47.6,56.9,2.576,4121000.0,62.8,71.49,90.80714285714286,57.18857142857143,55.846666666666664,55.15833333333334,56.51859285714286,79.04303571428572
64,THA,Thailand,62.2,65.58,58.73,79.77,52.97,79.2,85.5,72.8,55.7,71.1,66.8,71.0,60.2,"$8,100",516845.15,59.98,71.37,55.09,78.91,39.19,52.83,71.17,40.61,70.19,46.05,69.54,71.61,67.46,86.08,55.92,49.88,46.21,52.33,74.91,45.75,45.4,48.4,43.5,53.0,52.5,2.098,38178000.0,57.8,60.83571428571428,65.63857142857142,68.55,55.904999999999994,54.04833333333334,63.764450000000004,61.81379285714286
65,EGY,Egypt,62.0,63.04,60.97,59.17,62.12,76.3,79.6,73.0,77.2,68.9,57.9,74.6,23.9,"$4,200",987472.45,55.18,74.81,46.77,42.99,43.59,61.11,69.47,55.54,65.26,61.05,66.45,69.97,62.93,72.75,50.86,61.21,68.61,56.28,62.39,55.68,43.3,33.8,49.7,50.6,55.0,2.342,,36.0,61.18142857142857,65.58428571428571,58.75285714285714,59.73666666666667,58.935,58.81296428571429,63.39002142857143
66,RUS,Russia,61.2,68.59,53.83,80.26,45.28,83.9,96.3,71.4,79.2,62.9,77.5,92.3,61.0,"$9,800",16826303.43,45.43,60.93,38.79,62.75,17.92,53.45,74.22,39.6,53.39,61.02,83.52,87.06,79.98,73.7,84.42,63.79,75.48,55.99,65.64,49.88,50.5,53.0,48.8,54.1,59.9,3.275,,35.55,67.69428571428571,78.13571428571429,66.75571428571428,58.26666666666667,60.56666666666666,64.71332857142856,72.33792857142858
67,ARG,Argentina,61.0,74.49,47.6,31.25,49.58,81.8,91.1,72.5,33.6,82.3,77.7,86.7,49.8,"$12,400",2786353.16,56.48,80.75,46.09,43.05,44.99,49.55,86.8,24.72,44.88,16.79,79.84,94.5,65.18,69.72,75.94,59.3,79.88,45.58,55.64,46.65,52.2,60.2,46.8,49.1,60.2,1.911,6942000.0,70.45,65.91285714285713,81.95285714285716,47.712857142857146,50.39666666666667,55.24333333333333,50.19791428571429,73.1387142857143
68,GRC,Greece,60.9,86.6,35.13,35.67,32.34,80.2,97.2,63.1,9.6,62.5,80.2,96.3,27.4,"$21,300",132661.51,60.04,96.02,44.63,79.65,30.07,73.28,91.21,61.32,66.49,59.79,85.81,89.09,82.54,94.82,69.64,73.6,91.03,61.98,90.89,42.17,69.1,80.6,61.4,72.6,66.5,1.838,30123000.0,62.849999999999994,74.72714285714287,90.28999999999999,56.78142857142858,60.91166666666667,55.49,56.35525714285715,78.806
69,BRN,Brunei Darussalam,60.8,86.22,35.28,76.65,25.54,,,,,,,,,,5769.38,62.49,77.76,55.94,90.70,5.17,66.49,89.51,51.14,100.0,21.73,67.86,89.33,46.39,86.74,30.7,63.57,96.66,41.52,81.58,27.42,54.8,74.0,42.0,59.2,50.9,,278000.0,,62.70399999999999,87.144,80.83399999999999,43.266000000000005,31.258,64.47391999999999,68.70162
70,TUN,Tunisia,60.6,77.16,44.0,9.99,58.83,78.1,92.9,63.3,22.4,77.1,60.0,77.2,5.1,"$7,100",155220.7,46.66,70.14,36.60,25.66,50.41,58.99,81.19,44.19,31.08,54.38,77.28,81.1,73.46,61.04,73.94,62.35,81.12,49.83,47.41,51.3,46.7,49.2,45.0,37.1,60.2,1.996,8299000.0,62.2,63.431428571428576,77.12428571428573,30.588571428571424,53.29666666666666,62.625,41.16059285714286,72.33952142857144
71,DJI,Djibouti,60.5,51.45,69.64,1.73,75.44,50.5,57.2,43.9,0.2,42.3,,,,,,,,,,,28.52,52.69,12.4,15.45,,45.29,67.56,23.02,39.2,,40.04,52.89,31.47,28.88,46.4,28.1,20.1,33.4,23.0,40.1,2.213,,,42.15833333333333,50.315000000000005,18.076666666666664,35.638333333333335,51.059999999999995,28.961166666666664,50.56085
72,ARM,Armenia,60.4,71.63,49.26,55.34,49.85,77.8,88.0,67.5,16.0,87.2,63.8,70.2,55.0,"$4,600",29635.92,47.48,63.81,40.48,32.54,61.56,61.67,74.61,53.05,80.16,39.91,81.6,81.76,81.44,87.43,72.77,62.07,56.85,65.56,79.57,49.82,52.3,43.5,58.1,79.2,46.7,1.992,1652000.0,41.5,65.66285714285713,69.50714285714285,64.67142857142856,62.48500000000001,57.708333333333336,62.373607142857146,65.61353571428572
73,TUR,Turkey,60.4,74.45,46.34,17.14,53.62,75.9,91.2,60.6,5.2,66.5,72.8,84.6,31.8,"$7,400",781946.7,44.80,69.80,34.08,20.19,42.71,54.91,73.85,42.28,32.62,46.52,67.68,79.6,55.76,22.53,47.77,52.96,71.56,40.57,25.16,39.99,42.6,51.3,36.9,15.1,49.3,2.785,45768000.0,59.400000000000006,61.035714285714285,75.22285714285715,21.36428571428571,47.074999999999996,50.616666666666674,31.01757142857143,67.1028142857143
74,IRN,Iran,60.0,70.21,49.72,42.32,52.56,76.9,88.9,64.8,44.3,63.4,70.0,85.7,48.0,"$7,700",1622438.3,42.73,58.21,36.09,42.19,19.42,51.08,76.12,34.39,37.06,36.73,66.32,72.26,60.38,64.16,53.88,58.16,74.01,47.59,51.89,35.93,48.0,48.3,47.8,38.4,55.0,2.687,,33.85,61.494285714285716,73.64285714285714,46.589999999999996,50.78,49.583333333333336,47.577799999999996,65.70321428571428
75,KGZ,Kyrgyzstan,59.7,65.29,54.06,25.77,56.2,69.6,76.2,63.0,26.1,61.5,60.5,53.7,68.1,"$1,700",193559.97,46.33,50.46,44.57,23.29,61.82,40.63,63.46,25.41,15.77,,,,,,,54.86,54.78,54.92,74.02,32.5,39.8,33.7,43.8,39.2,42.5,,,44.45,54.18166666666667,57.85499999999999,41.49333333333333,48.238,48.175,43.698283333333336,54.660599999999995
76,LAO,Laos,59.6,32.63,86.57,100.0,68.77,66.3,39.8,92.8,97.1,92.4,52.9,21.4,76.1,"$1,900",,,,,,,40.37,34.49,44.29,93.85,,50.29,51.18,49.39,90.23,,42.94,25.15,54.8,76.77,77.39,34.8,27.2,39.9,69.7,30.7,1.809,,72.9,49.6,33.121428571428574,86.25,61.291666666666664,67.315,80.00145,44.40530714285715
77,NAM,Namibia,59.3,52.02,66.53,73.57,71.45,70.6,60.9,80.4,73.4,96.5,56.5,43.9,68.0,"$7,300",828456.38,50.68,43.87,53.60,80.83,67.49,43.71,55.53,35.82,94.39,0.54,70.84,69.72,71.96,95.74,61.18,58.46,46.34,66.54,95.75,59.78,40.2,22.5,52.0,76.6,55.4,1.908,,76.30000000000001,57.08714285714285,50.129999999999995,82.49285714285715,62.208333333333336,57.474999999999994,74.2369642857143,52.55385
78,GUY,Guyana,59.2,66.4,52.09,23.16,59.46,64.8,75.3,54.4,55.5,36.5,,,,,,,,,,,38.07,69.19,17.32,18.66,0.64,71.14,83.53,58.76,51.31,,47.93,61.55,38.86,54.32,34.82,35.9,33.5,37.5,51.0,38.2,2.14,287000.0,,52.839999999999996,64.91166666666666,42.324999999999996,43.155,33.924,39.55267,54.68573666666667
79,URY,Uruguay,59.1,72.0,46.21,1.85,49.28,82.3,88.9,75.6,0.4,88.5,,,,,176850.8,57.06,80.34,47.07,20.26,62.10,53.61,89.97,29.37,24.62,24.51,73.98,95.48,52.48,54.32,59.81,64.65,84.72,51.27,49.7,79.01,49.1,67.7,36.7,25.0,55.5,1.795,3469000.0,,63.79,83.12833333333334,25.981666666666666,48.605,59.435,37.02126666666666,75.30953333333335
80,AZE,Azerbaijan,59.1,62.72,55.43,67.57,58.09,72.2,76.4,67.9,29.0,77.1,55.7,59.2,50.1,"$3,800",85712.58,43.11,51.43,39.55,40.18,44.33,55.47,59.37,52.87,58.66,80.88,83.78,82.96,84.6,75.83,97.94,62.33,48.55,71.52,63.15,73.44,46.5,32.7,55.7,56.9,48.6,2.437,2633000.0,20.35,62.15428571428571,60.271428571428565,57.31571428571427,64.67,72.675,62.38427857142857,64.36460714285714
81,VNM,Viet Nam,59.0,59.89,58.11,41.28,58.22,73.9,76.3,71.5,28.4,74.7,54.3,44.4,42.8,"$2,700",328767.09,50.64,51.57,50.24,54.12,56.52,38.17,52.43,28.66,43.39,44.51,58.5,68.24,48.76,82.37,41.48,46.96,47.12,46.86,74.87,44.62,33.4,40.6,28.5,33.3,30.7,,,54.699999999999996,52.03285714285714,55.56857142857143,49.487142857142864,47.065,49.03833333333333,49.339035714285714,53.41359285714286
82,MDA,Moldova,58.8,68.77,48.88,12.76,49.34,70.7,85.0,56.4,2.4,67.8,62.9,81.7,16.9,"$1,900",34089.71,45.21,60.32,38.74,8.18,42.94,53.36,66.88,44.34,7.51,63.16,76.69,75.3,78.08,53.23,94.82,51.97,60.29,46.42,31.05,47.9,44.4,45.6,43.6,27.9,52.2,1.882,160000.0,28.55,59.83142857142856,69.07714285714286,21.678571428571423,52.95333333333334,62.53666666666666,35.161742857142855,66.91878571428572
83,UKR,Ukraine,58.2,73.85,42.58,35.72,42.27,74.1,97.0,51.2,8.5,51.1,71.2,93.8,40.1,"$6,300",597329.12,46.31,72.01,35.30,46.42,25.14,49.01,77.71,29.87,41.46,27.78,79.69,85.74,73.63,65.58,87.45,52.87,64.44,45.16,49.1,37.59,49.5,49.0,49.9,37.7,69.2,2.971,14104000.0,30.150000000000002,62.08142857142857,77.36285714285714,39.737142857142864,48.72333333333333,52.565000000000005,43.970335714285724,69.17956428571429
84,BEL,Belgium,58.1,89.05,27.09,20.2,36.65,78.4,98.8,58.0,10.0,69.5,75.9,96.6,16.7,"$30,600",30577.47,63.02,97.23,48.36,78.49,30.16,66.61,89.82,51.14,57.56,64.47,80.15,79.1,81.21,100.0,80.59,77.38,89.37,69.39,95.7,63.81,73.3,86.0,64.8,87.4,70.2,1.526,9119000.0,66.1,72.83428571428571,89.82000000000001,55.3657142857143,58.605,64.20333333333333,58.28212857142858,81.3665
85,JAM,Jamaica,58.0,70.25,45.83,64.27,37.84,79.1,87.2,71.0,35.0,70.0,74.7,76.4,86.1,"$4,100",11059.52,54.36,61.53,51.29,73.32,34.53,58.26,70.03,50.41,88.04,76.98,77.02,86.96,67.09,90.47,,58.58,68.48,51.98,83.12,52.26,48.2,45.5,50.0,58.2,65.7,1.99,2473000.0,45.2,64.83714285714285,72.11714285714285,72.17142857142856,56.05166666666667,60.556,68.33833714285714,68.30196571428571
86,LBN,Lebanon,57.9,77.33,38.5,3.49,37.98,70.3,95.5,45.0,1.0,40.7,76.7,93.4,20.2,"$5,000",10442.47,47.35,81.85,32.57,26.12,27.97,50.15,85.94,26.29,1.71,40.43,69.14,71.69,66.6,43.86,74.74,61.08,83.25,46.3,30.11,43.86,45.4,53.1,40.3,21.8,56.8,2.615,1964000.0,56.650000000000006,61.52428571428571,80.03,17.45285714285714,43.83166666666667,49.08500000000001,27.891464285714285,69.81815
87,STP,Sao Tome and Principe,57.3,43.14,71.54,0.0,76.55,,,,,,,,,,,,,,,,,,,,,48.28,66.92,29.64,1.474,,,,,,,37.6,28.7,43.6,58.4,35.0,,33400.0,,47.72666666666667,46.25333333333333,19.958,48.26,55.775,31.777610000000003,49.39548333333333
88,KAZ,Kazakhstan,57.3,69.32,45.28,22.7,46.53,65.0,91.5,38.4,22.9,16.1,63.6,70.8,38.4,"$7,800",2675245.71,32.94,63.69,19.76,14.18,9.63,51.07,75.4,34.85,14.11,43.49,73.29,88.42,58.15,53.45,60.32,54.56,66.7,46.46,30.73,47.82,44.7,40.8,47.3,41.6,44.6,2.071,8789000.0,34.3,58.50285714285714,71.84857142857143,31.98428571428571,45.07333333333333,43.14333333333334,35.66677142857143,62.375842857142864
89,NIC,Nicaragua,57.1,58.73,55.38,59.89,51.13,73.4,72.9,74.0,44.8,75.9,69.2,62.5,69.4,"$2,300",120835.96,59.23,54.93,61.07,95.27,61.44,50.32,59.9,43.93,91.67,46.82,64.19,72.37,56.02,93.72,90.16,55.04,62.2,50.27,85.68,58.63,39.2,40.2,38.6,59.6,38.0,2.334,1256000.0,60.9,58.35000000000001,61.25714285714285,72.10857142857144,53.03333333333334,60.10666666666666,68.14794285714287,60.87748571428571
90,KOR,South Korea,57.0,80.15,33.94,34.19,36.69,79.4,95.6,63.1,11.9,71.5,75.2,93.5,39.4,"$19,200",100152.25,57.20,91.35,42.57,64.79,22.73,63.79,81.7,51.86,50.4,41.55,70.61,68.85,72.37,69.34,62.39,62.3,73.3,54.96,46.66,46.75,66.5,81.4,56.6,62.6,62.6,1.779,,57.599999999999994,67.82857142857144,82.07142857142857,44.92714285714286,55.471666666666664,53.580000000000005,47.78258571428572,72.66925714285715
91,GAB,Gabon,56.4,54.03,58.86,77.02,52.86,77.3,75.4,79.1,73.0,81.4,73.3,61.0,62.5,"$5,900",266364.32,57.91,37.27,66.76,62.87,67.32,46.6,50.09,44.28,82.94,56.67,67.37,75.06,59.68,89.37,70.53,45.05,43.04,46.39,86.17,30.71,45.8,27.9,57.8,86.0,63.8,1.973,,87.94999999999999,58.83142857142858,55.21714285714286,79.57142857142857,57.685,59.32833333333334,72.89120714285716,56.57383571428572
92,CYP,Cyprus,56.3,87.64,24.89,75.18,9.26,79.2,96.8,61.6,29.3,56.0,78.4,90.4,62.0,"$7,135",9289.1,57.15,100.00,38.79,61.00,23.83,66.23,95.23,46.9,77.03,61.92,80.24,88.59,71.9,78.23,89.01,72.6,87.96,62.37,81.66,66.26,64.8,81.5,53.7,56.5,63.1,1.903,3939000.0,61.25,71.11,89.73142857142857,65.7,53.56,57.59166666666667,63.02425000000001,79.12530714285714
93,JOR,Jordan,56.1,76.67,35.56,91.35,32.87,76.5,91.7,61.4,88.7,61.4,66.0,85.5,56.0,"$4,500",90359.45,42.16,76.42,27.47,9.21,35.21,55.78,76.96,41.66,8.52,65.68,72.24,76.67,67.81,42.94,85.38,62.2,86.69,45.87,23.85,46.84,53.4,58.6,49.9,32.2,58.4,1.849,4150000.0,46.150000000000006,63.17428571428571,78.97,49.08,50.36666666666667,58.42833333333332,52.16495,72.19125
94,BIH,Bosnia and Herzegovina,55.9,77.13,34.61,2.83,42.65,,,,,,,,,,46410.16,36.76,69.66,22.67,2.88,34.24,45.79,77.57,24.61,2.5,31.71,63.28,87.09,39.48,36.62,36.87,41.84,63.87,27.15,26.93,26.8,45.4,43.9,46.4,32.9,57.5,1.85,1053000.0,,50.442,69.91199999999999,20.356,34.45,39.106,26.5435,59.74602
95,SAU,Saudi Arabia,55.3,66.68,43.96,86.35,40.22,72.8,85.5,60.2,95.5,50.5,68.3,83.7,60.2,"$12,000",1960597.02,49.97,71.29,40.84,98.95,6.68,66.66,87.54,52.73,93.7,46.63,68.63,72.03,65.22,81.69,48.3,57.47,72.81,47.25,48.33,40.47,44.0,47.2,41.8,38.8,37.5,2.288,15334000.0,31.65,61.879999999999995,73.63714285714286,72.08142857142857,51.86000000000001,43.93666666666667,62.79365714285715,63.83598571428572
96,ERI,Eritrea,54.6,30.54,78.72,36.06,76.82,59.4,47.2,71.7,42.4,75.0,,,,,123059.77,38.39,33.61,40.44,22.24,74.07,25.76,43.44,13.98,17.94,,36.73,47.98,25.47,41.11,,39.34,46.12,34.81,27.52,29.57,30.4,15.5,40.4,33.7,43.4,2.494,,,41.038333333333334,38.46333333333333,33.12166666666667,44.18,56.1975,40.73669166666667,44.31560833333333
97,TTO,Trinidad and Tobago,54.2,70.17,38.33,61.56,26.24,,,,,,,,,,5188.19,47.04,67.63,38.22,69.76,0.38,52.28,71.66,39.36,83.48,32.54,74.34,92.2,56.47,88.51,,67.36,81.44,57.96,88.93,50.02,47.5,54.6,42.9,67.8,42.1,2.005,375000.0,,59.136,74.014,78.05600000000001,47.004000000000005,37.725,64.74677000000001,62.03863
98,GTM,Guatemala,54.0,56.38,51.56,48.35,54.99,76.7,78.2,75.1,36.4,80.2,68.9,64.4,69.1,"$4,200",109666.23,51.88,51.24,52.15,59.76,65.28,48.06,60.55,39.74,57.55,64.18,69.64,71.78,67.49,78.02,89.59,52.33,54.97,50.57,65.13,57.46,31.8,30.8,32.5,41.3,36.7,2.139,1781000.0,57.349999999999994,57.347142857142856,59.58285714285716,56.55,52.82666666666666,63.85333333333333,58.9601,60.992114285714294
99,COD,Dem. Rep. Congo,51.6,11.58,91.69,58.27,92.13,47.3,12.6,82.0,73.2,95.2,46.3,12.8,54.3,$700,2325405.93,47.49,12.31,62.57,51.08,91.65,25.01,23.9,25.75,44.85,,42.05,33.85,50.25,76.14,,30.41,19.7,37.56,67.79,34.26,36.4,22.4,45.7,73.3,40.1,,,86.19999999999999,39.86714285714286,19.547142857142855,63.978571428571435,55.49166666666667,65.4225,64.45506785714286,34.686010714285715
100,MWI,Malawi,51.4,27.98,74.91,97.95,76.77,59.9,34.0,85.8,90.1,94.5,56.5,29.6,64.6,$600,,,,,,,40.06,39.34,40.54,87.81,,49.69,47.53,51.86,93.35,,49.21,39.93,55.39,91.89,64.88,38.3,26.5,46.2,84.2,34.2,1.895,871000.0,82.9,49.294285714285714,34.98285714285715,87.12857142857142,59.11666666666665,67.58749999999999,80.68001785714284,45.74238928571429
101,KEN,Kenya,51.4,32.15,70.62,76.36,66.86,69.0,54.5,83.5,89.0,84.1,56.4,38.0,54.1,"$1,100",582801.69,49.28,27.91,58.44,72.55,65.32,36.99,38.37,36.07,67.96,,62.49,58.6,66.39,84.09,67.06,47.25,42.96,50.12,79.01,51.37,34.7,25.7,40.6,53.5,49.0,2.303,,81.75,51.175714285714285,41.46857142857142,72.00285714285714,57.88333333333333,63.678,69.25565428571429,48.79768285714285
102,GHA,Ghana,51.3,32.89,69.78,74.7,64.34,70.8,59.0,82.6,63.8,92.6,63.1,48.8,50.1,"$2,300",239888.71,47.50,31.62,54.30,45.13,73.94,32.07,40.31,26.58,34.26,27.3,58.89,54.47,63.31,80.79,68.6,49.66,44.42,53.15,77.96,57.59,27.6,20.1,32.6,58.9,29.6,1.759,,85.3,50.488571428571426,42.855714285714285,62.93,54.669999999999995,56.671666666666674,60.86475,47.41497857142858
103,MMR,Myanmar,51.3,42.63,59.97,33.75,64.94,65.1,63.9,66.3,24.5,73.8,57.0,47.3,42.7,"$1,700",673036.29,52.72,36.01,59.88,53.57,77.27,27.44,41.39,18.14,28.62,,48.98,51.82,46.14,57.74,,45.32,35.6,51.8,42.74,76.26,25.1,24.6,25.4,31.0,22.2,2.631,3551000.0,57.849999999999994,45.74857142857143,43.89142857142857,37.292857142857144,44.625,59.3,44.555214285714285,48.97625714285714
104,TJK,Tajikistan,51.3,52.04,50.53,38.06,59.18,72.3,62.2,82.5,43.8,98.2,48.2,38.0,48.7,"$1,100",142132.02,38.78,40.74,37.94,24.35,73.55,31.34,49.89,18.97,24.28,,73.05,71.41,74.7,74.2,99.24,47.85,26.26,62.24,67.01,60.73,38.2,20.7,49.9,65.8,36.9,2.031,1035000.0,28.8,51.74857142857143,45.78571428571428,51.69285714285714,56.47333333333333,70.85,58.014714285714284,54.056928571428564
105,MOZ,Mozambique,51.2,23.12,79.33,60.11,89.85,53.9,25.5,82.4,55.4,99.8,45.7,16.7,39.7,"$1,200",784037.78,47.82,22.05,58.86,62.03,93.35,29.97,31.49,28.96,63.17,,41.82,31.24,52.4,88.43,,46.37,46.36,46.37,90.47,23.49,33.9,28.1,37.8,67.4,31.1,2.316,2743000.0,79.3,43.26571428571428,28.930000000000003,66.38285714285713,54.543333333333344,61.059999999999995,64.62631428571427,39.5329
106,KWT,Kuwait,51.1,83.47,18.78,17.09,35.05,64.5,92.0,37.1,27.6,38.6,,,,,17431.77,35.54,83.84,14.84,13.15,3.57,63.94,77.98,54.59,92.88,42.23,64.41,65.06,63.76,87.12,33.57,62.28,70.55,56.77,86.33,31.78,53.6,57.3,51.2,66.0,49.7,1.739,8508000.0,,59.97166666666667,74.39333333333333,62.836666666666666,47.03333333333333,38.48833333333334,54.801716666666664,62.54468333333334
107,SLB,Solomon Islands,51.1,54.01,48.19,0.51,55.14,52.3,59.6,44.9,1.8,40.8,,,,,,,,,,,31.63,46.75,21.56,17.58,,46.92,61.55,32.3,39.97,,43.22,49.67,38.93,26.66,63.2,26.7,20.4,30.9,15.3,45.0,,27900.0,,41.97833333333333,48.663333333333334,16.97,36.13,51.035,28.21145,49.44598333333333
108,ZAF,South Africa,50.8,59.0,42.57,62.39,39.48,69.0,81.8,56.2,44.8,51.4,62.0,71.8,47.2,"$11,100",1224041.62,34.55,42.52,31.13,50.24,21.03,53.51,59.33,49.64,63.96,49.87,70.52,76.66,64.38,75.06,54.26,44.73,36.81,50.01,64.24,44.63,43.1,31.1,51.0,63.2,62.8,2.283,10472000.0,65.94999999999999,56.237142857142864,59.50000000000001,60.12142857142857,52.300000000000004,50.406666666666666,56.91555714285714,56.49920000000001
109,GMB,Gambia,50.3,31.06,69.59,16.49,75.42,,,,,,52.3,39.3,21.2,"$1,800",,,,,,,29.3,41.03,21.48,37.05,,,,,,,42.42,47.99,38.72,43.12,36.67,27.9,21.4,32.1,32.6,35.8,,,69.2,40.444,36.156,30.091999999999995,40.472500000000004,49.29666666666666,36.429539999999996,40.492419999999996
110,HND,Honduras,49.9,58.04,41.7,62.25,47.56,75.4,77.2,73.6,47.1,76.9,70.8,66.1,78.2,"$2,800",113036.06,52.54,46.14,55.29,65.06,63.95,48.87,57.52,43.11,76.81,48.29,69.64,74.19,65.09,86.89,80.14,51.51,55.95,48.54,84.11,46.02,37.8,33.4,40.7,59.9,43.1,2.269,,56.35,57.70285714285715,60.34285714285714,70.75142857142858,52.123333333333335,57.001666666666665,66.21400714285716,59.24026428571429
111,UGA,Uganda,49.8,27.94,71.6,87.5,78.62,61.6,41.6,81.6,78.9,94.5,60.8,31.7,73.6,"$1,500",,,,,,,39.18,37.26,40.46,91.31,,57.56,51.71,63.4,93.61,,44.28,33.64,51.38,89.54,38.87,35.6,25.7,42.2,81.4,27.4,2.309,,95.2,49.83142857142858,35.65,85.12285714285714,58.44,59.847500000000004,76.78198928571429,43.635175000000004
112,MDG,Madagascar,49.2,21.57,76.77,31.58,74.65,54.6,37.6,71.6,35.2,79.8,48.6,23.3,39.5,$800,,,,,,,26.7,37.2,19.71,37.08,,37.1,32.69,41.51,64.68,,33.73,42.39,27.96,43.17,16.23,26.5,22.1,29.4,25.0,39.9,1.995,291000.0,78.7,39.489999999999995,30.978571428571428,39.45857142857143,44.49166666666667,52.644999999999996,43.81009285714286,38.12849285714286
113,CHN,China,49.0,58.68,39.33,57.22,40.18,65.1,71.4,58.8,56.7,52.7,56.2,61.0,68.2,"$5,600",9365944.83,42.24,46.33,40.49,65.65,31.03,43.0,42.73,43.19,66.63,65.16,65.1,59.41,70.79,77.45,74.78,50.74,31.72,63.42,72.57,68.62,37.3,41.8,34.4,19.0,46.3,2.01,62900000.0,36.55,52.348571428571425,52.391428571428584,59.68142857142857,51.655,57.95666666666667,59.112257142857146,54.22795714285716
114,QAT,Qatar,48.9,87.69,10.08,6.17,27.18,,,,,,,,,,11314.8,46.59,89.90,28.03,40.19,3.66,63.03,89.11,45.64,8.47,70.93,69.94,66.79,73.1,58.37,89.35,67.8,74.18,63.54,43.71,68.68,37.1,56.9,23.9,41.3,12.1,1.533,1819300.0,,57.354000000000006,74.934,31.603999999999996,43.251999999999995,53.648,38.87852,67.90962
115,IND,India,48.3,41.59,55.1,38.65,60.25,60.3,62.6,58.0,21.2,57.9,47.7,43.8,39.8,"$3,100",3279681.99,36.23,25.66,40.76,41.83,51.91,31.23,33.19,29.92,39.18,35.24,53.58,47.99,59.17,63.42,67.19,30.57,9.32,44.74,49.13,44.77,27.6,16.3,35.2,33.7,45.0,2.578,17423000.0,44.05,42.75428571428572,36.39857142857143,40.72571428571428,47.02166666666667,51.725,44.35547857142857,41.456292857142856
116,PAK,Pakistan,48.0,42.82,53.11,52.85,67.14,58.7,54.6,62.7,44.0,67.4,41.1,46.1,23.0,"$2,200",797494.67,39.56,28.62,44.25,60.05,56.73,34.58,38.78,31.79,41.43,44.33,51.42,52.73,50.11,70.04,70.35,37.5,16.8,51.3,60.14,50.79,33.1,14.6,45.3,46.1,50.6,2.789,,37.45,43.48571428571429,38.06142857142857,48.222857142857144,49.05166666666667,58.435,51.592864285714285,44.784707142857144
117,TZA,Tanzania,47.9,25.91,69.89,80.59,66.83,63.9,52.2,75.6,87.2,72.8,59.0,37.3,74.1,$700,897949.26,54.26,27.47,65.74,92.08,69.35,36.19,35.89,36.39,79.12,,58.34,47.25,69.43,94.34,,50.83,45.0,54.71,95.03,43.1,31.1,27.4,33.5,70.7,18.7,2.001,1378000.0,84.55000000000001,49.60857142857144,38.707142857142856,83.01142857142858,56.586666666666666,50.357499999999995,72.23563214285716,42.55176071428571
118,ZWE,Zimbabwe,47.8,38.04,57.6,93.75,61.25,69.3,67.8,70.8,91.1,68.1,63.0,49.9,67.6,"$1,900",392742.92,52.76,32.33,61.52,99.46,57.31,49.54,46.42,51.62,99.52,,59.25,64.28,54.22,94.31,70.99,43.41,40.58,45.3,94.53,24.89,37.0,22.5,46.7,87.0,37.0,2.35,2580000.0,66.55,52.75714285714285,47.0742857142857,89.68714285714285,54.373333333333335,52.44599999999999,77.3975657142857,48.846951428571415
119,BFA,Burkina Faso,47.3,12.24,82.33,100.0,76.31,44.3,16.2,72.5,64.7,77.6,43.2,9.9,80.0,"$1,200",,,,,,,40.52,32.17,46.08,83.75,,43.71,37.65,49.77,88.05,,42.83,44.22,41.91,85.54,26.24,38.3,19.6,50.9,77.8,31.9,2.786,144000.0,69.45,42.88,24.568571428571428,82.83428571428571,57.24833333333333,53.0125,72.99309642857143,33.95506785714286
120,SDN,Sudan,47.1,23.61,70.58,29.07,72.94,55.5,47.0,64.1,30.1,67.9,44.0,24.5,41.3,"$1,900",2510435.52,46.00,25.02,54.99,29.05,68.17,24.64,36.33,16.84,16.29,,42.25,49.63,34.87,42.8,,51.49,50.09,52.43,40.13,72.11,34.8,20.8,44.1,46.6,52.8,3.007,836000.0,54.349999999999994,42.82571428571429,35.994285714285716,35.184285714285714,47.153333333333336,66.4375,45.497846428571435,46.04054642857143
121,ZMB,Zambia,47.0,24.21,69.8,100.0,66.56,55.1,30.8,79.4,99.9,81.0,54.4,24.0,81.6,$900,753777.74,55.56,23.06,69.48,100.00,86.59,41.72,36.18,45.41,100.0,,66.06,59.53,72.59,97.06,,50.97,31.57,63.91,98.75,51.67,34.7,21.0,43.9,90.4,26.5,1.841,1072000.0,71.65,49.99285714285714,32.47,95.38714285714285,62.501666666666665,56.432500000000005,82.53211071428572,40.377625
122,OMN,Oman,45.9,71.28,20.47,47.09,28.03,70.3,84.6,55.9,46.1,53.6,67.9,79.5,41.1,"$13,100",314382.71,44.00,73.85,31.21,59.69,11.87,47.75,81.08,25.52,42.28,21.64,60.13,75.45,44.81,48.68,23.83,51.32,75.98,34.88,34.81,32.71,38.5,43.4,35.2,28.2,32.0,1.889,2301000.0,42.85,54.542857142857144,73.04142857142857,41.18000000000001,36.129999999999995,31.968333333333334,38.140150000000006,59.48730714285715
123,GNB,Guinea-Bissau,44.7,12.62,76.72,75.02,75.4,49.7,36.7,62.8,46.5,58.7,46.1,17.1,47.3,$700,,,,,,,35.98,30.68,39.52,89.87,,48.2,42.67,53.72,87.3,,44.67,43.6,45.38,85.77,53.23,29.1,15.1,38.4,72.2,33.6,2.156,,66.85,42.63571428571429,28.35285714285714,71.99428571428571,52.75666666666666,55.2325,66.46289642857144,37.22313928571428
124,CMR,Cameroon,44.6,27.43,61.82,70.01,66.13,63.8,47.7,79.9,53.4,97.0,54.1,31.5,54.0,"$1,900",465122.8,42.97,19.85,52.87,43.12,75.51,36.68,37.63,36.06,45.67,62.13,57.13,54.47,59.78,77.33,79.43,40.81,39.18,41.9,49.56,58.53,33.6,13.6,46.9,48.6,66.4,2.709,,76.4,47.24571428571429,35.93,56.938571428571436,54.393333333333324,71.60333333333334,61.777942857142875,47.702200000000005
125,IDN,Indonesia,44.6,44.59,44.64,63.19,49.24,66.2,69.5,62.9,50.3,59.8,60.7,53.9,66.0,"$3,500",1900662.92,52.29,48.20,54.04,75.29,48.91,44.36,55.72,36.78,78.08,45.25,65.85,76.82,54.88,81.62,81.59,46.92,45.44,47.9,70.4,53.43,37.8,29.0,43.7,56.3,54.4,1.8,15810000.0,46.099999999999994,52.34714285714286,53.567142857142855,66.55571428571429,48.46666666666667,57.285,63.49637857142857,54.79403571428571
126,RWA,Rwanda,44.6,20.33,68.89,85.03,64.45,54.9,32.2,77.5,72.2,78.0,57.0,31.1,63.2,"$1,300",,,,,,,35.41,38.7,33.21,56.32,,50.34,51.88,48.79,71.26,,43.68,31.03,52.12,63.24,69.91,33.8,24.4,40.0,57.4,35.9,1.945,,89.25,45.675714285714285,32.80571428571429,66.95,53.41833333333333,62.065,65.33795,42.46127857142857
127,GIN,Guinea,44.4,19.59,69.15,46.31,69.73,51.3,31.3,71.4,32.4,81.8,49.2,17.2,64.3,"$2,100",,,,,,,28.03,32.2,25.25,41.0,,55.4,46.26,64.54,86.95,,46.62,45.02,47.69,83.29,37.24,26.4,18.6,31.5,59.9,26.8,2.332,,79.1,43.05,30.024285714285718,59.16428571428571,51.58833333333334,53.892500000000005,57.424596428571434,37.90079642857144
128,BOL,Bolivia,44.3,45.4,43.27,85.71,31.36,64.7,61.2,68.2,78.4,61.3,63.4,53.6,66.6,"$2,600",1087070.75,54.57,41.51,60.17,88.41,54.70,50.48,53.95,48.17,81.04,63.57,71.09,78.91,63.26,90.06,37.25,55.98,61.64,52.21,88.58,33.49,44.3,35.9,49.8,83.6,40.0,1.989,1142000.0,51.35,56.32142857142857,55.800000000000004,81.99857142857142,54.151666666666664,44.495000000000005,69.62239285714286,52.06935000000001
129,PNG,Papua New Guinea,44.3,35.1,53.49,15.63,55.88,64.8,58.2,71.4,47.1,75.9,55.5,34.2,34.3,"$2,200",,,,,,,41.09,40.97,41.17,25.68,89.98,48.02,50.29,45.75,46.46,,39.35,47.26,34.09,34.04,55.36,32.4,28.4,35.1,27.3,47.6,2.046,140000.0,78.5,46.49428571428571,42.059999999999995,32.93,46.833333333333336,64.944,43.494620000000005,49.611720000000005
130,BGD,Bangladesh,44.0,32.33,55.57,14.92,70.72,58.0,53.6,62.4,5.5,77.1,43.5,38.2,25.3,"$2,000",138968.65,42.55,33.90,46.26,23.57,60.82,25.61,30.42,22.4,39.68,,41.77,40.36,43.18,63.77,,29.56,11.96,41.29,53.58,46.95,29.0,22.4,33.5,46.8,35.6,2.067,,44.300000000000004,38.77714285714286,32.752857142857145,35.65,43.05666666666667,57.592499999999994,42.891025,40.94993928571429
131,BDI,Burundi,43.9,22.56,65.25,51.5,78.02,54.7,37.6,71.7,62.5,81.5,51.6,30.6,37.2,$600,,,,,,,25.78,31.56,21.93,30.29,,43.37,38.94,47.81,64.71,,27.43,25.69,28.59,53.67,16.18,27.0,21.9,30.5,52.3,16.8,2.47,,89.85,39.111428571428576,29.835714285714285,50.31,44.29666666666666,48.125,49.588950000000004,35.87117857142857
132,ETH,Ethiopia,43.1,11.04,75.24,93.7,77.59,58.8,35.0,82.7,71.2,97.2,36.7,10.4,43.5,$800,1134616.89,52.71,22.68,65.57,67.56,81.30,39.43,35.21,42.24,83.78,,45.83,36.96,54.69,83.52,,44.78,32.8,52.77,78.99,64.18,34.4,25.2,40.6,72.2,26.1,2.806,849000.0,70.6,43.29142857142857,26.65857142857143,75.27,58.04,66.26750000000001,72.299175,39.729517857142866
133,MNG,Mongolia,42.8,42.73,42.86,80.73,36.94,68.1,66.6,69.6,88.0,57.5,48.8,47.8,71.7,"$1,900",1565594.38,45.37,46.57,44.85,69.47,19.66,44.67,55.12,37.7,73.25,25.06,64.39,67.86,60.92,83.56,77.08,57.51,61.97,54.54,75.28,53.98,32.2,27.6,35.3,73.1,16.6,1.775,529000.0,18.6,51.209999999999994,52.81142857142858,77.94571428571429,50.153333333333336,44.526666666666664,66.91742857142857,50.077457142857156
134,SEN,Senegal,42.3,27.23,57.32,78.1,51.44,62.8,58.4,67.3,29.5,70.7,52.2,39.9,67.6,"$1,700",197362.9,46.73,22.54,57.10,90.05,65.66,40.83,44.84,38.16,85.36,,63.73,60.36,67.1,93.36,,49.52,47.55,50.83,91.67,38.73,30.7,20.4,37.6,68.7,30.3,1.916,,65.25,48.86857142857143,42.66857142857143,73.47000000000001,53.05166666666667,47.792500000000004,64.99642500000002,44.35946785714287
135,UZB,Uzbekistan,42.3,64.12,20.42,21.75,37.27,65.0,78.2,51.7,23.9,46.9,52.3,57.7,38.3,"$1,800",422374.38,32.24,52.74,23.45,12.88,24.08,43.23,67.68,26.92,12.87,51.9,63.67,78.49,48.85,56.18,93.54,45.88,50.67,42.69,30.96,49.18,44.3,29.7,54.1,37.6,65.9,2.001,5346000.0,18.4,50.95428571428572,60.93714285714287,31.65142857142857,40.78,57.448333333333345,40.164407142857144,59.785835714285724
136,BHR,Bahrain,42.0,83.69,0.23,13.61,25.49,,,,,,,,,,,,,,,,51.83,83.22,30.9,4.99,39.57,70.07,74.03,66.12,56.54,67.71,55.15,65.28,48.41,33.26,44.31,51.0,49.2,52.2,18.9,67.1,2.085,12045000.0,,54.00999999999999,71.084,25.46,39.572,48.836,33.174080000000004,63.74216000000001
137,GNQ,Equatorial Guinea,41.9,35.04,48.77,77.06,37.44,,,,,,,,,,,,,,,,41.06,38.85,42.54,91.32,,69.59,65.42,73.77,91.8,,60.4,49.66,67.55,87.76,70.08,38.1,27.6,45.1,66.0,46.1,1.863,,,50.21,43.314,82.788,55.54600000000001,51.20666666666667,72.36616000000001,45.918580000000006
138,KHM,Cambodia,41.7,28.81,54.57,81.73,56.29,53.8,39.1,68.5,85.4,66.0,49.8,18.3,82.7,"$2,000",182473.12,55.29,31.25,65.59,94.75,73.93,35.44,42.73,30.58,78.93,,51.24,58.8,43.67,88.15,,43.23,39.81,45.51,80.53,47.63,33.6,30.5,35.6,60.1,30.9,1.882,6201000.0,72.85,44.1157142857143,36.864285714285714,79.64857142857144,46.405,50.205,69.93219285714287,41.26672142857143
139,BWA,Botswana,41.3,43.28,39.34,100.0,37.89,68.7,68.6,68.7,100.0,61.4,,,,,580647.2,53.74,45.69,57.18,100.00,48.53,47.6,62.04,37.98,100.0,16.57,70.72,72.37,69.07,93.75,75.67,51.7,37.19,61.37,98.31,47.24,40.4,20.2,53.8,91.6,37.9,1.801,,,53.40333333333333,50.61333333333334,97.27666666666666,55.04333333333333,46.11166666666666,80.39221666666666,49.12778333333334
140,IRQ,Iraq,41.0,39.57,42.42,0.0,64.15,53.9,67.1,40.8,1.6,40.6,,,,,435919.22,25.32,44.52,17.09,0.59,23.68,33.39,58.01,16.98,0.0,36.03,63.97,64.19,63.75,34.64,81.88,43.2,61.46,31.02,28.39,19.73,39.5,39.5,39.4,40.5,31.6,3.157,,,45.826666666666675,54.971666666666664,17.521666666666665,39.06166666666667,45.665,26.808966666666667,51.900466666666674
141,TCD,Chad,40.8,6.13,75.56,73.51,75.43,45.9,18.4,73.3,79.9,73.3,30.5,0.0,60.5,"$1,600",,,,,,,31.02,29.57,31.99,55.34,,37.83,28.46,47.21,80.62,,45.34,41.36,47.99,72.22,49.62,26.7,14.9,34.6,69.0,17.4,2.591,,56.599999999999994,36.870000000000005,19.83142857142857,70.1557142857143,51.775000000000006,53.93750000000001,64.80370357142858,31.08643214285715
142,ARE,United Arab Emirates,40.7,81.29,0.06,1.17,20.58,,,,,,,,,,79534.68,50.91,87.69,35.15,85.72,2.78,72.91,88.33,62.64,96.47,33.86,69.35,71.43,67.28,89.41,38.49,58.9,67.88,52.92,74.67,27.12,55.6,55.2,55.9,80.9,38.9,1.865,21286000.0,,59.492,72.826,68.524,47.760000000000005,31.790000000000003,56.40178000000001,59.28412
143,NGA,Nigeria,40.2,17.64,62.74,74.67,75.84,56.2,40.6,71.7,59.8,85.5,44.5,23.0,42.0,"$1,000",909041.16,40.14,16.54,50.26,52.69,60.03,39.2,34.05,42.63,57.54,70.55,58.27,53.01,63.53,75.43,82.17,54.76,36.64,66.84,71.64,73.85,31.0,13.9,42.4,53.6,50.8,2.725,,62.25,46.30428571428572,31.262857142857143,62.097142857142856,58.306666666666665,73.11833333333333,65.73413571428571,45.07516428571429
144,BEN,Benin,39.6,22.94,56.24,74.2,54.71,56.1,40.2,71.9,86.0,71.2,58.4,33.1,88.1,"$1,200",115937.18,50.38,21.63,62.70,79.80,58.72,32.42,34.49,31.04,65.88,,43.66,44.75,42.57,77.29,,38.17,36.36,39.37,75.08,34.35,30.0,20.3,36.4,67.0,30.7,2.125,295000.0,79.2,42.62142857142857,33.16285714285715,76.22142857142856,46.25333333333333,47.739999999999995,66.82255714285714,37.97331428571429
145,HTI,Haiti,39.5,28.06,50.93,3.14,58.37,60.7,50.1,71.3,6.2,84.1,48.9,38.4,17.4,"$1,500",27193.52,41.15,33.33,44.51,15.53,68.49,19.01,37.06,6.98,1.09,,43.28,50.01,36.55,24.41,,33.74,45.24,26.08,14.39,42.53,27.0,21.8,30.5,34.5,37.0,2.254,447000.0,62.800000000000004,38.87571428571429,38.667142857142856,14.447142857142856,37.056666666666665,55.5,27.994585714285716,44.221985714285715
146,MLI,Mali,39.4,9.34,69.51,24.32,78.39,44.3,13.4,75.2,37.2,82.4,33.9,8.6,45.0,$900,,,,,,,18.43,28.41,11.77,14.3,,41.48,38.36,44.59,73.03,,43.71,43.72,43.7,61.6,55.47,29.4,19.5,36.0,59.6,26.3,2.911,14000.0,56.65,35.80285714285714,23.047142857142855,45.00714285714286,46.79500000000001,60.64000000000001,50.165985714285725,35.45278571428572
147,TKM,Turkmenistan,38.4,51.24,25.55,30.36,35.05,71.3,78.1,64.4,58.1,58.2,52.3,57.4,30.3,"$5,700",479839.97,31.75,59.92,19.67,17.88,14.42,45.07,66.12,31.04,17.86,61.67,70.24,70.44,70.04,49.93,93.27,66.1,73.53,61.15,29.04,81.39,43.9,45.0,43.1,39.7,36.4,2.116,,16.2,55.32999999999999,63.118571428571435,36.470000000000006,49.21333333333334,60.99666666666666,44.5638,62.41834285714286
148,NER,Niger,37.6,0.06,75.08,68.89,75.4,39.1,6.0,72.1,83.0,73.6,25.7,1.0,39.0,$900,,,,,,,36.28,27.42,42.19,77.21,,37.48,25.11,49.86,88.33,,35.74,41.94,31.61,85.74,6.36,30.8,17.1,39.9,77.6,12.5,2.655,157000.0,53.25,34.67142857142857,16.947142857142858,74.25285714285714,51.79,41.965,63.59786428571429,25.20303571428572
149,TGO,Togo,36.4,23.15,49.71,75.85,54.58,62.3,52.0,72.6,63.3,82.4,52.8,28.3,68.5,"$1,600",57362.93,48.66,22.71,59.78,53.01,75.16,27.91,32.82,24.63,44.23,,46.1,42.96,49.24,71.34,,41.78,38.25,44.14,68.43,43.04,29.5,16.4,38.2,64.2,34.4,2.094,573000.0,78.55,42.39857142857142,33.41142857142857,65.12142857142858,46.419999999999995,53.605000000000004,61.321007142857155,40.07530714285715
150,AGO,Angola,36.3,18.29,54.4,58.43,53.85,39.5,8.9,70.1,58.9,74.6,39.3,7.8,47.3,"$2,100",1254991.88,47.57,20.84,59.02,41.20,68.90,28.69,35.44,24.19,41.7,,51.32,55.18,47.46,53.54,,37.44,33.79,39.88,39.19,48.86,29.7,20.4,35.9,39.3,49.0,1.982,218000.0,63.050000000000004,37.464285714285715,25.685714285714283,48.33714285714286,45.321666666666665,56.5775,51.05646071428572,35.880003571428574
151,MRT,Mauritania,33.7,25.97,41.36,20.85,56.86,44.2,33.2,55.2,34.6,57.0,32.0,28.4,5.9,"$1,800",,,,,,,27.19,37.3,20.44,32.63,,46.31,50.1,42.53,42.92,,39.24,50.01,32.05,31.65,39.84,27.7,20.0,32.8,19.2,32.6,2.193,,40.599999999999994,35.76285714285714,34.997142857142855,26.821428571428573,37.39666666666667,46.574999999999996,33.34010714285715,38.817835714285714
152,CAF,Central African Republic,33.3,22.31,44.37,100.0,30.95,,,,,,,,,,,,,,,,42.94,31.08,50.85,97.0,,46.46,37.29,55.62,90.87,,36.42,29.16,41.26,89.6,17.55,36.9,12.2,53.5,84.7,45.4,3.021,,,39.204,26.407999999999998,92.434,49.12,31.3,72.25978,28.02236
153,SLE,Sierra Leone,32.1,8.88,55.36,37.08,60.74,40.0,18.2,61.9,6.0,69.6,49.5,20.4,56.2,$600,,,,,,,21.74,27.89,17.64,23.54,,45.98,41.05,50.91,75.46,,42.54,41.8,43.03,68.63,48.19,25.7,19.1,30.2,52.9,24.9,1.803,57000.0,76.9,36.794285714285714,25.33142857142857,45.68714285714285,43.173333333333325,50.8575,47.39336071428571,33.75503214285715
154,TWN,Taiwan,,,,,,80.8,96.6,65.1,66.7,65.5,79.1,93.5,67.3,"$25,300",36384.86,62.23,95.03,48.17,72.65,23.73,62.18,90.44,43.33,71.39,57.69,74.88,76.62,73.14,76.61,76.82,72.84,69.85,74.83,83.03,82.23,57.2,59.2,55.8,65.0,63.1,1.618,,59.05,71.16666666666666,81.035,71.67166666666667,62.44,69.06800000000001,70.81245666666668,77.08589
155,LBR,Liberia,,,,,,,,,,,51.0,23.3,36.7,$900,,,,,,,23.95,37.99,14.59,4.13,,43.42,46.88,39.97,49.67,,41.62,43.73,40.21,34.35,73.11,22.6,21.3,23.6,32.6,24.9,1.973,,83.9,36.518,34.64,31.49,29.5925,49.004999999999995,37.26995,39.380449999999996
156,SRB,Serbia,,,,,,,,,,,,,,,92633.31,46.14,72.69,34.76,35.00,20.11,,,,,,78.67,83.35,73.98,61.46,83.34,57.49,61.18,55.03,49.84,61.77,55.2,47.8,60.2,57.4,68.1,1.832,1711000.0,,63.78666666666667,64.11,56.23333333333334,63.06999999999999,71.07000000000001,61.12943333333334,66.4068
157,TON,Tonga,,,,,,,,,,,,,,,,,,,,,61.68,75.43,52.51,92.16,41.88,66.86,84.42,49.3,79.33,,62.49,62.51,62.48,82.75,49.38,45.1,43.6,46.0,37.3,56.6,,54000.0,,59.0325,66.49000000000001,72.885,52.5725,49.28666666666667,65.09755000000001,60.81290000000001
158,KIR,Kiribati,,,,,,,,,,,,,,,,,,,,,55.82,51.45,58.73,100.0,,60.48,73.64,47.33,87.32,,55.26,48.48,59.78,85.71,43.71,37.7,22.9,47.5,82.1,32.2,,7100.0,,52.315,49.1175,88.7825,53.335,37.955,72.00942500000001,45.433875
159,SYC,Seychelles,,,,,,,,,,,,,,,,,,,,,55.56,83.36,37.02,72.42,26.83,64.92,92.85,36.99,80.99,,66.02,77.72,58.22,63.49,93.25,58.2,50.8,63.1,78.9,70.7,,362000.0,,61.175,76.18249999999999,73.95,48.8325,63.593333333333334,70.5323,72.028075
160,DMA,Dominica,,,,,,,,,,,,,,,,,,,,,47.08,72.51,30.12,66.29,27.95,73.25,86.53,59.98,81.02,,59.38,69.45,52.67,79.21,51.78,44.6,46.8,43.1,56.3,55.1,,63000.0,,56.0775,68.8225,70.705,46.467499999999994,44.943333333333335,62.20365,60.942375000000006
161,BHS,Bahamas,,,,,,,,,,,,,,,,,,,,,46.58,73.83,28.42,75.53,0.0,,,,,,54.99,73.68,42.52,86.22,18.76,43.5,53.1,37.0,78.8,28.7,,,,48.35666666666666,66.86999999999999,80.18333333333334,35.98,15.82,58.94343333333334,50.02349999999999
162,VUT,Vanuatu,,,,,,,,,,,,,,,,,,,,,45.88,57.12,38.39,27.46,,57.74,66.63,48.85,50.35,,44.55,50.46,40.61,35.58,28.41,28.9,26.7,30.4,30.0,32.0,,116000.0,,44.267500000000005,50.2275,35.8475,39.5625,30.205,33.985475,43.620075
163,BRB,Barbados,,,,,,,,,,,,,,,,,,,,,45.5,87.58,17.45,2.28,12.38,54.96,86.83,23.09,26.5,,55.76,84.73,36.45,27.14,34.57,45.6,60.7,35.6,12.6,59.1,,680000.0,,50.455,79.96,17.13,28.1475,35.35,23.1426,65.2387
164,CIV,Cote d'Ivoire,,,,,,,,,,,,,,,,,,,,,39.72,39.08,40.15,81.23,49.3,59.89,56.41,63.36,90.88,73.63,,,,,,25.8,19.4,30.1,62.0,20.2,,1965000.0,,41.803333333333335,38.29666666666666,78.03666666666668,44.53666666666666,47.71,68.02886666666667,41.40306666666667
165,TLS,Timor-Leste,,,,,,,,,,,,,,,,,,,,,39.41,44.92,35.74,60.43,,55.79,64.04,47.54,71.39,,49.54,51.02,48.56,73.47,45.01,35.3,28.9,39.5,64.5,23.4,1.839,75000.0,,45.00999999999999,47.220000000000006,67.44749999999999,42.835,34.205,56.477475,42.925050000000006
166,GRD,Grenada,,,,,,,,,,,,,,,,,,,,,35.24,75.92,8.12,3.74,4.14,63.28,89.79,36.78,48.53,,50.93,69.82,38.34,56.78,21.61,43.1,46.3,40.9,31.5,59.0,,185000.0,,48.1375,70.4575,35.1375,31.035000000000004,28.25,32.864625000000004,56.529025
167,COM,Comoros,,,,,,,,,,,,,,,,,,,,,31.39,47.4,20.72,0.0,,49.2,54.68,43.72,68.38,,44.24,47.06,42.37,55.8,49.44,32.1,27.3,35.3,36.3,41.7,,35900.0,,39.2325,44.11,40.12,35.5275,45.57,41.9185,44.591800000000006
168,AFG,Afghanistan,,,,,,,,,,,,,,,,,,,,,21.57,34.61,12.87,2.52,,37.5,52.92,22.08,21.25,,37.74,36.76,38.4,13.44,33.04,25.5,20.0,29.2,21.9,22.2,3.554,,,30.5775,36.0725,14.7775,25.6375,27.619999999999997,19.015525,33.283175
169,LSO,Lesotho,,,,,,,,,,,,,,,,,,,,,20.81,43.31,5.82,1.3,,47.17,56.74,37.59,26.17,,33.78,29.78,36.45,17.43,44.79,28.0,11.8,38.8,22.5,52.4,2.089,1173000.0,,32.44,35.407500000000006,16.85,29.665000000000003,48.595,27.325850000000003,39.759375000000006
170,MNE,Montenegro,,,,,,,,,,,,,,,,,,,,,,,,,,78.89,89.6,68.19,67.72,64.29,61.33,72.61,53.81,73.77,46.85,46.3,46.7,46.1,36.6,65.6,1.801,2077000.0,,62.173333333333325,69.63666666666666,59.36333333333334,56.03333333333333,58.913333333333334,59.21483333333334,66.09796666666666
171,WSM,Samoa,,,,,,,,,,,,,,,,,,,,,,,,,,70.2,83.33,57.06,61.86,,54.5,61.94,49.55,49.04,42.8,37.3,42.4,33.9,29.9,35.0,,164000.0,,54.0,62.556666666666665,46.93333333333334,46.836666666666666,38.9,44.28233333333334,54.749966666666666
172,CPV,Cabo Verde,,,,,,,,,,,,,,,,,,,,,,,,,,,,,,,56.94,60.9,54.3,20.67,69.56,32.8,30.4,34.5,14.3,39.5,,710000.0,,44.87,45.65,17.485,44.4,54.53,29.709850000000003,48.5804
173,FSM,Micronesia,,,,,,,,,,,,,,,,,,,,,,,,,,,,,,,49.8,59.88,43.07,27.6,35.17,33.0,30.8,34.5,6.9,39.0,,,,41.4,45.34,17.25,38.785,37.085,23.795550000000002,42.61585000000001
174,COG,Republic of Congo,,,,,,,,,,,,,,,,,,,,,,,,,,,,,,,42.39,20.89,56.73,91.0,59.34,30.8,18.1,39.2,71.7,37.1,,,,36.595,19.495,81.35,47.965,48.22,70.4171,28.974250000000005
175,LCA,Saint Lucia,,,,,,,,,,,,,,,,,,,,,,,,,,,,,,,56.18,71.03,46.28,62.71,40.29,43.1,47.8,40.0,36.9,54.8,,,,49.64,59.415,49.805,43.14,47.545,49.059200000000004,55.4979
176,VCT,Saint Vincent and the Grenadines,,,,,,,,,,,,,,,,,,,,,,,,,,,,,,,66.48,67.38,65.88,85.1,55.95,48.4,44.1,51.3,47.6,70.2,,,,57.44,55.739999999999995,66.35,58.589999999999996,63.075,65.26925,58.16055
177,MHL,Marshall Islands,,,,,,,,,,,,,,,,,,,,,,,,,,,,,,,,,,,,30.8,32.6,29.6,11.4,39.6,,6800.0,,30.8,32.6,11.4,29.6,39.6,20.706000000000003,34.910000000000004
178,MKD,North Macedonia,,,,,,,,,,,,,,,,,,,,,,,,,,,,,,,,,,,,55.4,43.6,63.2,62.1,75.2,1.704,707000.0,,55.4,43.6,62.1,63.2,75.2,66.423,54.028000000000006
179,SWZ,Eswatini,,,,,,,,,,,,,,,,,,,,,,,,,,,,,,,,,,,,33.8,17.6,44.6,38.4,56.9,2.033,782000.0,,33.8,17.6,38.4,44.6,56.9,44.505,30.569000000000003
